sport,competition,primary_provider,dates_checked,upstream_fixtures,public_fixtures,fixture_recall,upstream_finished,public_finished,finished_with_result,finished_result_completeness,upstream_live,public_live,live_with_score,duplicates,mapping_failures,status,root_cause
"football","afc-champions-league","sportscore","2026-09-18|2026-09-19|2026-09-20|2026-09-21|2026-09-22|2026-09-23","","0","","","0","0","","","0","0","0","0","NO_PUBLIC_EVENTS_IN_WINDOW",""
"football","africa-cup-of-nations","thesportsdb","2026-09-18|2026-09-19|2026-09-20|2026-09-21|2026-09-22|2026-09-23","","0","","","0","0","","","0","0","0","0","NO_PUBLIC_EVENTS_IN_WINDOW",""
"football","albania-superliga","thesportsdb","2026-09-18|2026-09-19|2026-09-20|2026-09-21|2026-09-22|2026-09-23","","5","","","3","3","1.0","","0","0","0","0","OK",""
"badminton","all-england-open","bbc-sport","2026-09-18|2026-09-19|2026-09-20|2026-09-21|2026-09-22|2026-09-23","","0","","","0","0","","","0","0","0","0","NO_PUBLIC_EVENTS_IN_WINDOW",""
"football","argentina-primera","sportscore","2026-09-18|2026-09-19|2026-09-20|2026-09-21|2026-09-22|2026-09-23","","1","","","0","0","","","0","0","0","0","OK",""
"tennis","atp-tour","sportscore","2026-09-18|2026-09-19|2026-09-20|2026-09-21|2026-09-22|2026-09-23","","0","","","0","0","","","0","0","0","0","NO_PUBLIC_EVENTS_IN_WINDOW",""
"football","australia-a-league","thesportsdb","2026-09-18|2026-09-19|2026-09-20|2026-09-21|2026-09-22|2026-09-23","","0","","","0","0","","","0","0","0","0","NO_PUBLIC_EVENTS_IN_WINDOW",""
"football","australia-a-league-women","thesportsdb","2026-09-18|2026-09-19|2026-09-20|2026-09-21|2026-09-22|2026-09-23","","0","","","0","0","","","0","0","0","0","NO_PUBLIC_EVENTS_IN_WINDOW",""
"australian-rules","australia-afl","squiggle","2026-09-18|2026-09-19|2026-09-20|2026-09-21|2026-09-22|2026-09-23","","2","","","2","2","1.0","","0","0","0","0","OK",""
"football","austria-bundesliga","sportscore","2026-09-18|2026-09-19|2026-09-20|2026-09-21|2026-09-22|2026-09-23","","4","","","2","2","1.0","","0","0","0","0","OK",""
"football","belgium-pro-league","thesportsdb","2026-09-18|2026-09-19|2026-09-20|2026-09-21|2026-09-22|2026-09-23","","2","","","1","1","1.0","","0","0","0","0","OK",""
"horse-racing","bha-meetings","bbc-sport","2026-09-18|2026-09-19|2026-09-20|2026-09-21|2026-09-22|2026-09-23","","1","","","1","0","0.0","","0","0","0","0","OK",""
"winter-sports","biathlon","ibu-web","2026-09-18|2026-09-19|2026-09-20|2026-09-21|2026-09-22|2026-09-23","","0","","","0","0","","","0","0","0","0","NO_PUBLIC_EVENTS_IN_WINDOW",""
"football","bosnia-premier-liga","thesportsdb","2026-09-18|2026-09-19|2026-09-20|2026-09-21|2026-09-22|2026-09-23","","3","","","1","1","1.0","","0","0","0","0","OK",""
"futsal","brazil-lnf","lnf-web","2026-09-18|2026-09-19|2026-09-20|2026-09-21|2026-09-22|2026-09-23","","0","","","0","0","","","0","0","0","0","NO_PUBLIC_EVENTS_IN_WINDOW",""
"football","brazil-serie-a","openfootball","2026-09-18|2026-09-19|2026-09-20|2026-09-21|2026-09-22|2026-09-23","","12","","","5","5","1.0","","0","0","0","0","OK",""
"football","bulgaria-first-league","thesportsdb","2026-09-18|2026-09-19|2026-09-20|2026-09-21|2026-09-22|2026-09-23","","4","","","1","1","1.0","","0","0","0","0","OK",""
"football","caf-champions-league","sportscore","2026-09-18|2026-09-19|2026-09-20|2026-09-21|2026-09-22|2026-09-23","","0","","","0","0","","","0","0","0","0","NO_PUBLIC_EVENTS_IN_WINDOW",""
"harness-racing","canada-standardbred-meetings","standardbred-canada-web","2026-09-18|2026-09-19|2026-09-20|2026-09-21|2026-09-22|2026-09-23","","1","","","1","1","1.0","","0","0","0","0","OK",""
"call-of-duty","cdl-majors","liquipedia","2026-09-18|2026-09-19|2026-09-20|2026-09-21|2026-09-22|2026-09-23","","0","","","0","0","","","0","0","0","0","NO_PUBLIC_EVENTS_IN_WINDOW",""
"volleyball","cev-eurovolley-men","thesportsdb","2026-09-18|2026-09-19|2026-09-20|2026-09-21|2026-09-22|2026-09-23","","15","","","12","12","1.0","","0","0","0","0","OK",""
"american-football","cfl","thesportsdb","2026-09-18|2026-09-19|2026-09-20|2026-09-21|2026-09-22|2026-09-23","","1","","","0","0","","","0","0","0","0","OK",""
"ice-hockey","champions-hockey-league","openligadb","2026-09-18|2026-09-19|2026-09-20|2026-09-21|2026-09-22|2026-09-23","","0","","","0","0","","","0","0","0","0","NO_PUBLIC_EVENTS_IN_WINDOW",""
"football","chile-primera","thesportsdb","2026-09-18|2026-09-19|2026-09-20|2026-09-21|2026-09-22|2026-09-23","","0","","","0","0","","","0","0","0","0","NO_PUBLIC_EVENTS_IN_WINDOW",""
"football","china-super-league","thesportsdb","2026-09-18|2026-09-19|2026-09-20|2026-09-21|2026-09-22|2026-09-23","","1","","","1","1","1.0","","0","0","0","0","OK",""
"football","colombia-primera-a","dimayor-web","2026-09-18|2026-09-19|2026-09-20|2026-09-21|2026-09-22|2026-09-23","","4","","","1","1","1.0","","0","0","0","0","OK",""
"ea-sports-fc","competitive-ea-fc","liquipedia","2026-09-18|2026-09-19|2026-09-20|2026-09-21|2026-09-22|2026-09-23","","0","","","0","0","","","0","0","0","0","NO_PUBLIC_EVENTS_IN_WINDOW",""
"football","concacaf-champions-cup","sportscore","2026-09-18|2026-09-19|2026-09-20|2026-09-21|2026-09-22|2026-09-23","","0","","","0","0","","","0","0","0","0","NO_PUBLIC_EVENTS_IN_WINDOW",""
"football","copa-libertadores","bbc-sport","2026-09-18|2026-09-19|2026-09-20|2026-09-21|2026-09-22|2026-09-23","","0","","","0","0","","","0","0","0","0","NO_PUBLIC_EVENTS_IN_WINDOW",""
"football","copa-sudamericana","thesportsdb","2026-09-18|2026-09-19|2026-09-20|2026-09-21|2026-09-22|2026-09-23","","1","","","1","1","1.0","","0","0","0","0","OK",""
"football","costa-rica-liga-fpd","thesportsdb","2026-09-18|2026-09-19|2026-09-20|2026-09-21|2026-09-22|2026-09-23","","3","","","2","2","1.0","","0","0","0","0","OK",""
"baseball","cpbl","thesportsdb","2026-09-18|2026-09-19|2026-09-20|2026-09-21|2026-09-22|2026-09-23","","3","","","1","1","1.0","","0","0","0","0","OK",""
"football","croatia-hnl","hnl-web","2026-09-18|2026-09-19|2026-09-20|2026-09-21|2026-09-22|2026-09-23","","4","","","2","2","1.0","","0","0","0","0","OK",""
"football","czech-first-league","thesportsdb","2026-09-18|2026-09-19|2026-09-20|2026-09-21|2026-09-22|2026-09-23","","2","","","0","0","","","0","0","0","0","OK",""
"handball","denmark-handball-league","thesportsdb","2026-09-18|2026-09-19|2026-09-20|2026-09-21|2026-09-22|2026-09-23","","2","","","1","1","1.0","","0","0","0","0","OK",""
"football","denmark-superliga","thesportsdb","2026-09-18|2026-09-19|2026-09-20|2026-09-21|2026-09-22|2026-09-23","","3","","","1","1","1.0","","0","0","0","0","OK",""
"football","ecuador-serie-a","thesportsdb","2026-09-18|2026-09-19|2026-09-20|2026-09-21|2026-09-22|2026-09-23","","3","","","1","1","1.0","","0","0","0","0","OK",""
"football","egypt-premier-league","thesportsdb","2026-09-18|2026-09-19|2026-09-20|2026-09-21|2026-09-22|2026-09-23","","1","","","1","1","1.0","","0","0","0","0","OK",""
"handball","ehf-champions-league","thesportsdb","2026-09-18|2026-09-19|2026-09-20|2026-09-21|2026-09-22|2026-09-23","","1","","","1","1","1.0","","0","0","0","0","OK",""
"handball","ehf-competitions","sofascore-web","2026-09-18|2026-09-19|2026-09-20|2026-09-21|2026-09-22|2026-09-23","","0","","","0","0","","","0","0","0","0","NO_PUBLIC_EVENTS_IN_WINDOW",""
"football","england-championship","openfootball","2026-09-18|2026-09-19|2026-09-20|2026-09-21|2026-09-22|2026-09-23","","12","","","2","2","1.0","","0","0","0","0","OK",""
"football","england-league-one","openfootball","2026-09-18|2026-09-19|2026-09-20|2026-09-21|2026-09-22|2026-09-23","","1","","","1","1","1.0","","0","0","0","0","OK",""
"football","england-league-two","openfootball","2026-09-18|2026-09-19|2026-09-20|2026-09-21|2026-09-22|2026-09-23","","0","","","0","0","","","0","0","0","0","NO_PUBLIC_EVENTS_IN_WINDOW",""
"football","england-premier-league","openfootball","2026-09-18|2026-09-19|2026-09-20|2026-09-21|2026-09-22|2026-09-23","","5","","","4","4","1.0","","0","0","0","0","OK",""
"table-tennis","ettu-events","ettu-news-results","2026-09-18|2026-09-19|2026-09-20|2026-09-21|2026-09-22|2026-09-23","","0","","","0","0","","","0","0","0","0","NO_PUBLIC_EVENTS_IN_WINDOW",""
"basketball","euroleague","euroleague-live","2026-09-18|2026-09-19|2026-09-20|2026-09-21|2026-09-22|2026-09-23","","0","","","0","0","","","0","0","0","0","NO_PUBLIC_EVENTS_IN_WINDOW",""
"golf","european-challenge-tour","thesportsdb","2026-09-18|2026-09-19|2026-09-20|2026-09-21|2026-09-22|2026-09-23","","0","","","0","0","","","0","0","0","0","NO_PUBLIC_EVENTS_IN_WINDOW",""
"football","fa-cup","thesportsdb","2026-09-18|2026-09-19|2026-09-20|2026-09-21|2026-09-22|2026-09-23","","3","","","1","1","1.0","","0","0","0","0","OK",""
"football","fifa-connected-competitions","fifa-digital","2026-09-18|2026-09-19|2026-09-20|2026-09-21|2026-09-22|2026-09-23","","0","","","0","0","","","0","0","0","0","NO_PUBLIC_EVENTS_IN_WINDOW",""
"futsal","fifa-futsal-when-listed","wikipedia-fifa-futsal-web","2026-09-18|2026-09-19|2026-09-20|2026-09-21|2026-09-22|2026-09-23","","0","","","0","0","","","0","0","0","0","NO_PUBLIC_EVENTS_IN_WINDOW",""
"field-hockey","fih-eurohockey","altiusrt-html","2026-09-18|2026-09-19|2026-09-20|2026-09-21|2026-09-22|2026-09-23","","0","","","0","0","","","0","0","0","0","NO_PUBLIC_EVENTS_IN_WINDOW",""
"ice-hockey","finland-liiga","eliteprospects","2026-09-18|2026-09-19|2026-09-20|2026-09-21|2026-09-22|2026-09-23","","2","","","1","1","1.0","","0","0","0","0","OK",""
"football","finland-veikkausliiga","thesportsdb","2026-09-18|2026-09-19|2026-09-20|2026-09-21|2026-09-22|2026-09-23","","2","","","1","1","1.0","","0","0","0","0","OK",""
"winter-sports","fis-disciplines","fis-web","2026-09-18|2026-09-19|2026-09-20|2026-09-21|2026-09-22|2026-09-23","","0","","","0","0","","","0","0","0","0","NO_PUBLIC_EVENTS_IN_WINDOW",""
"volleyball","fivb-competitions","fivb-web","2026-09-18|2026-09-19|2026-09-20|2026-09-21|2026-09-22|2026-09-23","","0","","","0","0","","","0","0","0","0","NO_PUBLIC_EVENTS_IN_WINDOW",""
"motorsport","formula-1","jolpica-ergast","2026-09-18|2026-09-19|2026-09-20|2026-09-21|2026-09-22|2026-09-23","","0","","","0","0","","","0","0","0","0","NO_PUBLIC_EVENTS_IN_WINDOW",""
"motorsport","formula-2","fiaf2-web","2026-09-18|2026-09-19|2026-09-20|2026-09-21|2026-09-22|2026-09-23","","0","","","0","0","","","0","0","0","0","NO_PUBLIC_EVENTS_IN_WINDOW",""
"motorsport","formula-3","fiaf3-web","2026-09-18|2026-09-19|2026-09-20|2026-09-21|2026-09-22|2026-09-23","","0","","","0","0","","","0","0","0","0","NO_PUBLIC_EVENTS_IN_WINDOW",""
"motorsport","formula-e","thesportsdb","2026-09-18|2026-09-19|2026-09-20|2026-09-21|2026-09-22|2026-09-23","","0","","","0","0","","","0","0","0","0","NO_PUBLIC_EVENTS_IN_WINDOW",""
"harness-racing","france-letrot-meetings","letrot-web","2026-09-18|2026-09-19|2026-09-20|2026-09-21|2026-09-22|2026-09-23","","0","","","0","0","","","0","0","0","0","NO_PUBLIC_EVENTS_IN_WINDOW",""
"football","france-ligue-1","openfootball","2026-09-18|2026-09-19|2026-09-20|2026-09-21|2026-09-22|2026-09-23","","12","","","6","6","1.0","","0","0","0","0","OK",""
"handball","france-lnh","thesportsdb","2026-09-18|2026-09-19|2026-09-20|2026-09-21|2026-09-22|2026-09-23","","2","","","1","1","1.0","","0","0","0","0","OK",""
"rugby","france-pro-d2","thesportsdb","2026-09-18|2026-09-19|2026-09-20|2026-09-21|2026-09-22|2026-09-23","","9","","","9","9","1.0","","0","0","0","0","OK",""
"rugby","france-top-14","thesportsdb","2026-09-18|2026-09-19|2026-09-20|2026-09-21|2026-09-22|2026-09-23","","1","","","0","0","","","0","0","0","0","OK",""
"greyhound-racing","gbgb-meetings","gbgb-web","2026-09-18|2026-09-19|2026-09-20|2026-09-21|2026-09-22|2026-09-23","","97","","","66","50","0.7576","","0","0","0","0","OK",""
"football","germany-2-bundesliga","openligadb","2026-09-18|2026-09-19|2026-09-20|2026-09-21|2026-09-22|2026-09-23","","9","","","8","8","1.0","","0","0","0","0","OK",""
"football","germany-3-liga","openligadb","2026-09-18|2026-09-19|2026-09-20|2026-09-21|2026-09-22|2026-09-23","","3","","","3","3","1.0","","0","0","0","0","OK",""
"football","germany-bundesliga","openligadb","2026-09-18|2026-09-19|2026-09-20|2026-09-21|2026-09-22|2026-09-23","","11","","","3","3","1.0","","0","0","0","0","OK",""
"table-tennis","germany-click-tt","ttbl-web","2026-09-18|2026-09-19|2026-09-20|2026-09-21|2026-09-22|2026-09-23","","0","","","0","0","","","0","0","0","0","NO_PUBLIC_EVENTS_IN_WINDOW",""
"ice-hockey","germany-del","openligadb","2026-09-18|2026-09-19|2026-09-20|2026-09-21|2026-09-22|2026-09-23","","2","","","2","2","1.0","","0","0","0","0","OK",""
"ice-hockey","germany-del2","openligadb","2026-09-18|2026-09-19|2026-09-20|2026-09-21|2026-09-22|2026-09-23","","2","","","2","2","1.0","","0","0","0","0","OK",""
"football","germany-dfb-pokal","openligadb","2026-09-18|2026-09-19|2026-09-20|2026-09-21|2026-09-22|2026-09-23","","0","","","0","0","","","0","0","0","0","NO_PUBLIC_EVENTS_IN_WINDOW",""
"football","germany-frauen-bundesliga","openligadb","2026-09-18|2026-09-19|2026-09-20|2026-09-21|2026-09-22|2026-09-23","","0","","","0","0","","","0","0","0","0","NO_PUBLIC_EVENTS_IN_WINDOW",""
"handball","germany-handball-bundesliga","thesportsdb","2026-09-18|2026-09-19|2026-09-20|2026-09-21|2026-09-22|2026-09-23","","2","","","1","1","1.0","","0","0","0","0","OK",""
"football","greece-super-league","thesportsdb","2026-09-18|2026-09-19|2026-09-20|2026-09-21|2026-09-22|2026-09-23","","0","","","0","0","","","0","0","0","0","NO_PUBLIC_EVENTS_IN_WINDOW",""
"football","hungary-nb-i","thesportsdb","2026-09-18|2026-09-19|2026-09-20|2026-09-21|2026-09-22|2026-09-23","","7","","","3","3","1.0","","0","0","0","0","OK",""
"football","iceland-urvalsdeild","thesportsdb","2026-09-18|2026-09-19|2026-09-20|2026-09-21|2026-09-22|2026-09-23","","1","","","0","0","","","0","0","0","0","OK",""
"football","india-super-league","sportscore","2026-09-18|2026-09-19|2026-09-20|2026-09-21|2026-09-22|2026-09-23","","0","","","0","0","","","0","0","0","0","NO_PUBLIC_EVENTS_IN_WINDOW",""
"football","indonesia-liga-1","thesportsdb","2026-09-18|2026-09-19|2026-09-20|2026-09-21|2026-09-22|2026-09-23","","8","","","7","7","1.0","","0","0","0","0","OK",""
"badminton","indonesia-open","wikipedia-indonesia-open-web","2026-09-18|2026-09-19|2026-09-20|2026-09-21|2026-09-22|2026-09-23","","0","","","0","0","","","0","0","0","0","NO_PUBLIC_EVENTS_IN_WINDOW",""
"cricket","internationals-and-leagues","cricsheet","2026-09-18|2026-09-19|2026-09-20|2026-09-21|2026-09-22|2026-09-23","","0","","","0","0","","","0","0","0","0","NO_PUBLIC_EVENTS_IN_WINDOW",""
"rugby","internationals-rwc","pulselive","2026-09-18|2026-09-19|2026-09-20|2026-09-21|2026-09-22|2026-09-23","","0","","","0","0","","","0","0","0","0","NO_PUBLIC_EVENTS_IN_WINDOW",""
"football","iran-pro-league","sportscore","2026-09-18|2026-09-19|2026-09-20|2026-09-21|2026-09-22|2026-09-23","","0","","","0","0","","","0","0","0","0","NO_PUBLIC_EVENTS_IN_WINDOW",""
"football","ireland-premier-division","sportscore","2026-09-18|2026-09-19|2026-09-20|2026-09-21|2026-09-22|2026-09-23","","2","","","1","1","1.0","","0","0","0","0","OK",""
"greyhound-racing","irish-greyhound-derby","gri-web","2026-09-18|2026-09-19|2026-09-20|2026-09-21|2026-09-22|2026-09-23","","0","","","0","0","","","0","0","0","0","NO_PUBLIC_EVENTS_IN_WINDOW",""
"football","italy-coppa-italia","thesportsdb","2026-09-18|2026-09-19|2026-09-20|2026-09-21|2026-09-22|2026-09-23","","0","","","0","0","","","0","0","0","0","NO_PUBLIC_EVENTS_IN_WINDOW",""
"football","italy-serie-a","openfootball","2026-09-18|2026-09-19|2026-09-20|2026-09-21|2026-09-22|2026-09-23","","8","","","4","4","1.0","","0","0","0","0","OK",""
"volleyball","italy-superlega","dataproject-wcm","2026-09-18|2026-09-19|2026-09-20|2026-09-21|2026-09-22|2026-09-23","","0","","","0","0","","","0","0","0","0","NO_PUBLIC_EVENTS_IN_WINDOW",""
"football","japan-j1","jleague-web","2026-09-18|2026-09-19|2026-09-20|2026-09-21|2026-09-22|2026-09-23","","2","","","2","2","1.0","","0","0","0","0","OK",""
"harness-racing","jurisdiction-meetings","hrnsw-web","2026-09-18|2026-09-19|2026-09-20|2026-09-21|2026-09-22|2026-09-23","","0","","","0","0","","","0","0","0","0","NO_PUBLIC_EVENTS_IN_WINDOW",""
"football","kazakhstan-premier-league","sportscore","2026-09-18|2026-09-19|2026-09-20|2026-09-21|2026-09-22|2026-09-23","","1","","","1","1","1.0","","0","0","0","0","OK",""
"baseball","kbo","thesportsdb","2026-09-18|2026-09-19|2026-09-20|2026-09-21|2026-09-22|2026-09-23","","4","","","1","1","1.0","","0","0","0","0","OK",""
"ice-hockey","khl","khl-mobile","2026-09-18|2026-09-19|2026-09-20|2026-09-21|2026-09-22|2026-09-23","","4","","","1","1","1.0","","0","0","0","0","OK",""
"football","korea-k-league-1","kleague-web","2026-09-18|2026-09-19|2026-09-20|2026-09-21|2026-09-22|2026-09-23","","2","","","0","0","","","0","0","0","0","OK",""
"golf","korean-golf-tour","thesportsdb","2026-09-18|2026-09-19|2026-09-20|2026-09-21|2026-09-22|2026-09-23","","1","","","0","0","","","0","0","0","0","OK",""
"golf","korn-ferry-tour","thesportsdb","2026-09-18|2026-09-19|2026-09-20|2026-09-21|2026-09-22|2026-09-23","","0","","","0","0","","","0","0","0","0","NO_PUBLIC_EVENTS_IN_WINDOW",""
"league-of-legends","lol-world-championship","liquipedia","2026-09-18|2026-09-19|2026-09-20|2026-09-21|2026-09-22|2026-09-23","","0","","","0","0","","","0","0","0","0","NO_PUBLIC_EVENTS_IN_WINDOW",""
"football","malaysia-super-league","thesportsdb","2026-09-18|2026-09-19|2026-09-20|2026-09-21|2026-09-22|2026-09-23","","0","","","0","0","","","0","0","0","0","NO_PUBLIC_EVENTS_IN_WINDOW",""
"football","mexico-liga-mx","sportscore","2026-09-18|2026-09-19|2026-09-20|2026-09-21|2026-09-22|2026-09-23","","1","","","0","0","","","0","0","0","0","OK",""
"basketball","mexico-lnbp","sportscore","2026-09-18|2026-09-19|2026-09-20|2026-09-21|2026-09-22|2026-09-23","","8","","","7","7","1.0","","0","0","0","0","OK",""
"baseball","mlb","mlb-statsapi","2026-09-18|2026-09-19|2026-09-20|2026-09-21|2026-09-22|2026-09-23","","33","","","15","15","1.0","","0","0","0","0","OK",""
"football","mls","sportscore","2026-09-18|2026-09-19|2026-09-20|2026-09-21|2026-09-22|2026-09-23","","1","","","1","1","1.0","","0","0","0","0","OK",""
"football","morocco-botola","thesportsdb","2026-09-18|2026-09-19|2026-09-20|2026-09-21|2026-09-22|2026-09-23","","0","","","0","0","","","0","0","0","0","NO_PUBLIC_EVENTS_IN_WINDOW",""
"motorsport","motogp","pulselive","2026-09-18|2026-09-19|2026-09-20|2026-09-21|2026-09-22|2026-09-23","","1","","","0","0","","","0","0","0","0","OK",""
"motorsport","nascar-arca","thesportsdb","2026-09-18|2026-09-19|2026-09-20|2026-09-21|2026-09-22|2026-09-23","","0","","","0","0","","","0","0","0","0","NO_PUBLIC_EVENTS_IN_WINDOW",""
"motorsport","nascar-truck","thesportsdb","2026-09-18|2026-09-19|2026-09-20|2026-09-21|2026-09-22|2026-09-23","","0","","","0","0","","","0","0","0","0","NO_PUBLIC_EVENTS_IN_WINDOW",""
"basketball","nba","thesportsdb","2026-09-18|2026-09-19|2026-09-20|2026-09-21|2026-09-22|2026-09-23","","0","","","0","0","","","0","0","0","0","NO_PUBLIC_EVENTS_IN_WINDOW",""
"american-football","ncaa-football","thesportsdb","2026-09-18|2026-09-19|2026-09-20|2026-09-21|2026-09-22|2026-09-23","","23","","","22","22","1.0","","0","0","0","0","OK",""
"football","netherlands-eredivisie","openfootball","2026-09-18|2026-09-19|2026-09-20|2026-09-21|2026-09-22|2026-09-23","","9","","","0","0","","","0","0","0","0","OK",""
"american-football","nfl","thesportsdb","2026-09-18|2026-09-19|2026-09-20|2026-09-21|2026-09-22|2026-09-23","","1","","","0","0","","","0","0","0","0","OK",""
"ice-hockey","nhl","nhl-web","2026-09-18|2026-09-19|2026-09-20|2026-09-21|2026-09-22|2026-09-23","","34","","","0","0","","","0","0","0","0","OK",""
"lacrosse","nll","nll-web","2026-09-18|2026-09-19|2026-09-20|2026-09-21|2026-09-22|2026-09-23","","0","","","0","0","","","0","0","0","0","NO_PUBLIC_EVENTS_IN_WINDOW",""
"water-polo","nordic-water-polo-league","nordic-waterpolo-native","2026-09-18|2026-09-19|2026-09-20|2026-09-21|2026-09-22|2026-09-23","","0","","","0","0","","","0","0","0","0","NO_PUBLIC_EVENTS_IN_WINDOW",""
"football","norway-eliteserien","thesportsdb","2026-09-18|2026-09-19|2026-09-20|2026-09-21|2026-09-22|2026-09-23","","8","","","4","4","1.0","","0","0","0","0","OK",""
"baseball","npb","thesportsdb","2026-09-18|2026-09-19|2026-09-20|2026-09-21|2026-09-22|2026-09-23","","3","","","1","1","1.0","","0","0","0","0","OK",""
"rugby-league","nrl","nrl-draw-web","2026-09-18|2026-09-19|2026-09-20|2026-09-21|2026-09-22|2026-09-23","","1","","","0","0","","","0","0","0","0","OK",""
"harness-racing","nsw-hrnsw-meetings","hrnsw-web","2026-09-18|2026-09-19|2026-09-20|2026-09-21|2026-09-22|2026-09-23","","1","","","1","0","0.0","","0","0","0","0","OK",""
"football","nz-national-league","thesportsdb","2026-09-18|2026-09-19|2026-09-20|2026-09-21|2026-09-22|2026-09-23","","0","","","0","0","","","0","0","0","0","NO_PUBLIC_EVENTS_IN_WINDOW",""
"rugby","nz-npc","thesportsdb","2026-09-18|2026-09-19|2026-09-20|2026-09-21|2026-09-22|2026-09-23","","2","","","0","0","","","0","0","0","0","OK",""
"overwatch","owcs-world-finals","liquipedia","2026-09-18|2026-09-19|2026-09-20|2026-09-21|2026-09-22|2026-09-23","","0","","","0","0","","","0","0","0","0","NO_PUBLIC_EVENTS_IN_WINDOW",""
"football","paraguay-primera","thesportsdb","2026-09-18|2026-09-19|2026-09-20|2026-09-21|2026-09-22|2026-09-23","","0","","","0","0","","","0","0","0","0","NO_PUBLIC_EVENTS_IN_WINDOW",""
"darts","pdc-darts","openligadb","2026-09-18|2026-09-19|2026-09-20|2026-09-21|2026-09-22|2026-09-23","","0","","","0","0","","","0","0","0","0","NO_PUBLIC_EVENTS_IN_WINDOW",""
"golf","pga-tour","pga-tour-web","2026-09-18|2026-09-19|2026-09-20|2026-09-21|2026-09-22|2026-09-23","","0","","","0","0","","","0","0","0","0","NO_PUBLIC_EVENTS_IN_WINDOW",""
"lacrosse","pll","pll-web","2026-09-18|2026-09-19|2026-09-20|2026-09-21|2026-09-22|2026-09-23","","0","","","0","0","","","0","0","0","0","NO_PUBLIC_EVENTS_IN_WINDOW",""
"volleyball","plusliga","eurosport-volleyball","2026-09-18|2026-09-19|2026-09-20|2026-09-21|2026-09-22|2026-09-23","","0","","","0","0","","","0","0","0","0","NO_PUBLIC_EVENTS_IN_WINDOW",""
"football","poland-ekstraklasa","thesportsdb","2026-09-18|2026-09-19|2026-09-20|2026-09-21|2026-09-22|2026-09-23","","2","","","1","1","1.0","","0","0","0","0","OK",""
"football","portugal-primeira-liga","openfootball","2026-09-18|2026-09-19|2026-09-20|2026-09-21|2026-09-22|2026-09-23","","11","","","4","4","1.0","","0","0","0","0","OK",""
"rugby","premiership-rugby","thesportsdb","2026-09-18|2026-09-19|2026-09-20|2026-09-21|2026-09-22|2026-09-23","","0","","","0","0","","","0","0","0","0","NO_PUBLIC_EVENTS_IN_WINDOW",""
"dota-2","professional","opendota","2026-09-18|2026-09-19|2026-09-20|2026-09-21|2026-09-22|2026-09-23","","0","","","0","0","","","0","0","0","0","NO_PUBLIC_EVENTS_IN_WINDOW",""
"rocket-league","rlcs","liquipedia","2026-09-18|2026-09-19|2026-09-20|2026-09-21|2026-09-22|2026-09-23","","0","","","0","0","","","0","0","0","0","NO_PUBLIC_EVENTS_IN_WINDOW",""
"football","romania-superliga","romania-superliga-web","2026-09-18|2026-09-19|2026-09-20|2026-09-21|2026-09-22|2026-09-23","","2","","","1","1","1.0","","0","0","0","0","OK",""
"football","saudi-pro-league","thesportsdb","2026-09-18|2026-09-19|2026-09-20|2026-09-21|2026-09-22|2026-09-23","","0","","","0","0","","","0","0","0","0","NO_PUBLIC_EVENTS_IN_WINDOW",""
"football","scotland-premiership","spfl-web","2026-09-18|2026-09-19|2026-09-20|2026-09-21|2026-09-22|2026-09-23","","1","","","0","0","","","0","0","0","0","OK",""
"football","serbia-superliga","superliga-web","2026-09-18|2026-09-19|2026-09-20|2026-09-21|2026-09-22|2026-09-23","","9","","","7","7","1.0","","0","0","0","0","OK",""
"football","slovakia-super-liga","thesportsdb","2026-09-18|2026-09-19|2026-09-20|2026-09-21|2026-09-22|2026-09-23","","7","","","0","0","","","0","0","0","0","OK",""
"football","slovenia-1-snl","thesportsdb","2026-09-18|2026-09-19|2026-09-20|2026-09-21|2026-09-22|2026-09-23","","5","","","2","2","1.0","","0","0","0","0","OK",""
"football","south-africa-psl","psl-web","2026-09-18|2026-09-19|2026-09-20|2026-09-21|2026-09-22|2026-09-23","","1","","","1","1","1.0","","0","0","0","0","OK",""
"basketball","spain-acb","thesportsdb","2026-09-18|2026-09-19|2026-09-20|2026-09-21|2026-09-22|2026-09-23","","0","","","0","0","","","0","0","0","0","NO_PUBLIC_EVENTS_IN_WINDOW",""
"handball","spain-asobal","thesportsdb","2026-09-18|2026-09-19|2026-09-20|2026-09-21|2026-09-22|2026-09-23","","0","","","0","0","","","0","0","0","0","NO_PUBLIC_EVENTS_IN_WINDOW",""
"football","spain-copa-del-rey","thesportsdb","2026-09-18|2026-09-19|2026-09-20|2026-09-21|2026-09-22|2026-09-23","","0","","","0","0","","","0","0","0","0","NO_PUBLIC_EVENTS_IN_WINDOW",""
"football","spain-la-liga","openfootball","2026-09-18|2026-09-19|2026-09-20|2026-09-21|2026-09-22|2026-09-23","","8","","","3","3","1.0","","0","0","0","0","OK",""
"netball","ssn-australia","championdata-netball","2026-09-18|2026-09-19|2026-09-20|2026-09-21|2026-09-22|2026-09-23","","0","","","0","0","","","0","0","0","0","NO_PUBLIC_EVENTS_IN_WINDOW",""
"rugby-league","super-league","bbc-sport","2026-09-18|2026-09-19|2026-09-20|2026-09-21|2026-09-22|2026-09-23","","1","","","0","0","","","0","0","0","0","OK",""
"rugby","super-rugby","thesportsdb","2026-09-18|2026-09-19|2026-09-20|2026-09-21|2026-09-22|2026-09-23","","0","","","0","0","","","0","0","0","0","NO_PUBLIC_EVENTS_IN_WINDOW",""
"football","sweden-allsvenskan","thesportsdb","2026-09-18|2026-09-19|2026-09-20|2026-09-21|2026-09-22|2026-09-23","","3","","","0","0","","","0","0","0","0","OK",""
"ice-hockey","sweden-shl","thesportsdb","2026-09-18|2026-09-19|2026-09-20|2026-09-21|2026-09-22|2026-09-23","","1","","","0","0","","","0","0","0","0","OK",""
"football","switzerland-super-league","sportscore","2026-09-18|2026-09-19|2026-09-20|2026-09-21|2026-09-22|2026-09-23","","0","","","0","0","","","0","0","0","0","NO_PUBLIC_EVENTS_IN_WINDOW",""
"cricket","t20-internationals","cricsheet","2026-09-18|2026-09-19|2026-09-20|2026-09-21|2026-09-22|2026-09-23","","1","","","0","0","","","0","0","0","0","OK",""
"football","thai-league-1","sportscore","2026-09-18|2026-09-19|2026-09-20|2026-09-21|2026-09-22|2026-09-23","","8","","","6","6","1.0","","0","0","0","0","OK",""
"counter-strike","tier1","liquipedia","2026-09-18|2026-09-19|2026-09-20|2026-09-21|2026-09-22|2026-09-23","","0","","","0","0","","","0","0","0","0","NO_PUBLIC_EVENTS_IN_WINDOW",""
"boxing","title-fights","bbc-sport","2026-09-18|2026-09-19|2026-09-20|2026-09-21|2026-09-22|2026-09-23","","0","","","0","0","","","0","0","0","0","NO_PUBLIC_EVENTS_IN_WINDOW",""
"cycling","tour-de-france","aso-letour","2026-09-18|2026-09-19|2026-09-20|2026-09-21|2026-09-22|2026-09-23","","0","","","0","0","","","0","0","0","0","NO_PUBLIC_EVENTS_IN_WINDOW",""
"football","tunisia-ligue-1","thesportsdb","2026-09-18|2026-09-19|2026-09-20|2026-09-21|2026-09-22|2026-09-23","","1","","","0","0","","","0","0","0","0","OK",""
"football","turkey-super-lig","thesportsdb","2026-09-18|2026-09-19|2026-09-20|2026-09-21|2026-09-22|2026-09-23","","2","","","1","1","1.0","","0","0","0","0","OK",""
"cycling","uci-calendar","gpcqm-web","2026-09-18|2026-09-19|2026-09-20|2026-09-21|2026-09-22|2026-09-23","","0","","","0","0","","","0","0","0","0","NO_PUBLIC_EVENTS_IN_WINDOW",""
"football","uefa-champions-league","openligadb","2026-09-18|2026-09-19|2026-09-20|2026-09-21|2026-09-22|2026-09-23","","0","","","0","0","","","0","0","0","0","NO_PUBLIC_EVENTS_IN_WINDOW",""
"football","uefa-conference-league","thesportsdb","2026-09-18|2026-09-19|2026-09-20|2026-09-21|2026-09-22|2026-09-23","","0","","","0","0","","","0","0","0","0","NO_PUBLIC_EVENTS_IN_WINDOW",""
"football","uefa-europa-league","thesportsdb","2026-09-18|2026-09-19|2026-09-20|2026-09-21|2026-09-22|2026-09-23","","1","","","1","1","1.0","","0","0","0","0","OK",""
"futsal","uefa-futsal-champions-league","uefa-futsal-web","2026-09-18|2026-09-19|2026-09-20|2026-09-21|2026-09-22|2026-09-23","","0","","","0","0","","","0","0","0","0","NO_PUBLIC_EVENTS_IN_WINDOW",""
"football","uefa-nations-league","thesportsdb","2026-09-18|2026-09-19|2026-09-20|2026-09-21|2026-09-22|2026-09-23","","0","","","0","0","","","0","0","0","0","NO_PUBLIC_EVENTS_IN_WINDOW",""
"mma","ufc","ufc-web","2026-09-18|2026-09-19|2026-09-20|2026-09-21|2026-09-22|2026-09-23","","0","","","0","0","","","0","0","0","0","NO_PUBLIC_EVENTS_IN_WINDOW",""
"netball","uk-netball-superleague","thesportsdb","2026-09-18|2026-09-19|2026-09-20|2026-09-21|2026-09-22|2026-09-23","","0","","","0","0","","","0","0","0","0","NO_PUBLIC_EVENTS_IN_WINDOW",""
"football","ukraine-premier-league","thesportsdb","2026-09-18|2026-09-19|2026-09-20|2026-09-21|2026-09-22|2026-09-23","","7","","","2","2","1.0","","0","0","0","0","OK",""
"football","uruguay-primera","thesportsdb","2026-09-18|2026-09-19|2026-09-20|2026-09-21|2026-09-22|2026-09-23","","3","","","0","0","","","0","0","0","0","OK",""
"football","usa-nwsl","sportscore","2026-09-18|2026-09-19|2026-09-20|2026-09-21|2026-09-22|2026-09-23","","3","","","1","1","1.0","","0","0","0","0","OK",""
"football","usa-usl-championship","thesportsdb","2026-09-18|2026-09-19|2026-09-20|2026-09-21|2026-09-22|2026-09-23","","4","","","3","3","1.0","","0","0","0","0","OK",""
"harness-racing","usa-usta-meetings","meadowlands-web","2026-09-18|2026-09-19|2026-09-20|2026-09-21|2026-09-22|2026-09-23","","0","","","0","0","","","0","0","0","0","NO_PUBLIC_EVENTS_IN_WINDOW",""
"football","uzbekistan-super-league","sportscore","2026-09-18|2026-09-19|2026-09-20|2026-09-21|2026-09-22|2026-09-23","","9","","","7","7","1.0","","0","0","0","0","OK",""
"valorant","vct","liquipedia","2026-09-18|2026-09-19|2026-09-20|2026-09-21|2026-09-22|2026-09-23","","0","","","0","0","","","0","0","0","0","NO_PUBLIC_EVENTS_IN_WINDOW",""
"football","vietnam-v-league-1","thesportsdb","2026-09-18|2026-09-19|2026-09-20|2026-09-21|2026-09-22|2026-09-23","","1","","","0","0","","","0","0","0","0","OK",""
"athletics","wa-calendar","world-athletics-web","2026-09-18|2026-09-19|2026-09-20|2026-09-21|2026-09-22|2026-09-23","","0","","","0","0","","","0","0","0","0","NO_PUBLIC_EVENTS_IN_WINDOW",""
"motorsport","wec","thesportsdb","2026-09-18|2026-09-19|2026-09-20|2026-09-21|2026-09-22|2026-09-23","","0","","","0","0","","","0","0","0","0","NO_PUBLIC_EVENTS_IN_WINDOW",""
"basketball","wnba","sportscore","2026-09-18|2026-09-19|2026-09-20|2026-09-21|2026-09-22|2026-09-23","","4","","","1","1","1.0","","0","0","0","0","OK",""
"football","womens-super-league","bbc-sport","2026-09-18|2026-09-19|2026-09-20|2026-09-21|2026-09-22|2026-09-23","","13","","","10","10","1.0","","0","0","0","0","OK",""
"water-polo","world-aquatics-events","world-aquatics-api","2026-09-18|2026-09-19|2026-09-20|2026-09-21|2026-09-22|2026-09-23","","0","","","0","0","","","0","0","0","0","NO_PUBLIC_EVENTS_IN_WINDOW",""
"swimming","world-aquatics-meets","omega-timing","2026-09-18|2026-09-19|2026-09-20|2026-09-21|2026-09-22|2026-09-23","","0","","","0","0","","","0","0","0","0","NO_PUBLIC_EVENTS_IN_WINDOW",""
"lacrosse","world-lacrosse","world-lacrosse-web","2026-09-18|2026-09-19|2026-09-20|2026-09-21|2026-09-22|2026-09-23","","0","","","0","0","","","0","0","0","0","NO_PUBLIC_EVENTS_IN_WINDOW",""
"netball","world-netball","world-netball-web","2026-09-18|2026-09-19|2026-09-20|2026-09-21|2026-09-22|2026-09-23","","0","","","0","0","","","0","0","0","0","NO_PUBLIC_EVENTS_IN_WINDOW",""
"snooker","wst-events","bbc-sport","2026-09-18|2026-09-19|2026-09-20|2026-09-21|2026-09-22|2026-09-23","","0","","","0","0","","","0","0","0","0","NO_PUBLIC_EVENTS_IN_WINDOW",""
"tennis","wta-tour","sportscore","2026-09-18|2026-09-19|2026-09-20|2026-09-21|2026-09-22|2026-09-23","","118","","","82","81","0.9878","","0","0","0","0","FT_MISSING_RESULT","FT_MISSING_RESULT"