competition,sport,score_provider,detail_provider,timeline,stats,lineups,periods,standings,player_stats,venue,officials,sport_detail,transport,Railway_access,adapter,implemented,production_verified,limitation
afc-champions-league,football,sportscore,sportscore,NO_ACCESSIBLE_DATA_FOUND,NO_ACCESSIBLE_DATA_FOUND,NO_ACCESSIBLE_DATA_FOUND,PARTIAL,PARTIAL,NO_ACCESSIBLE_DATA_FOUND,PARTIAL,NO_ACCESSIBLE_DATA_FOUND,PARTIAL,www.thesportsdb.com/api/v1/json public events,True,thesportsdb,True,False,Fixture/score/venue; events table has no incidents
africa-cup-of-nations,football,thesportsdb,thesportsdb,NO_ACCESSIBLE_DATA_FOUND,NO_ACCESSIBLE_DATA_FOUND,NO_ACCESSIBLE_DATA_FOUND,PARTIAL,PARTIAL,NO_ACCESSIBLE_DATA_FOUND,PARTIAL,NO_ACCESSIBLE_DATA_FOUND,PARTIAL,FIFA digital public JSON where reachable,True,fifa-json,True,False,Connected FIFA competitions when endpoint returns events
albania-superliga,football,thesportsdb,thesportsdb,PARTIAL,PARTIAL,PARTIAL,PARTIAL,PARTIAL,PARTIAL,PROVEN,PARTIAL,PARTIAL,www.fotmob.com/api/data/matches + matchDetails on-demand + leagues table,True,fotmob,True,False,Player rating/goals/assists/xG when matchDetails.playerStats present; referee/stadium from infoBox; table not mapped from match payload
all-england-open,badminton,bbc-sport,bbc-sport,NO_ACCESSIBLE_DATA_FOUND,NO_ACCESSIBLE_DATA_FOUND,NO_ACCESSIBLE_DATA_FOUND,PARTIAL,NO_ACCESSIBLE_DATA_FOUND,NO_ACCESSIBLE_DATA_FOUND,PARTIAL,NO_ACCESSIBLE_DATA_FOUND,PARTIAL,Wikipedia All England Open,True,wikipedia-all-england-web,True,False,Round/winner historical; not live court feed
argentina-primera,football,sportscore,sportscore,NO_ACCESSIBLE_DATA_FOUND,NO_ACCESSIBLE_DATA_FOUND,NO_ACCESSIBLE_DATA_FOUND,PARTIAL,PARTIAL,NO_ACCESSIBLE_DATA_FOUND,PARTIAL,NO_ACCESSIBLE_DATA_FOUND,PARTIAL,www.thesportsdb.com/api/v1/json public events,True,thesportsdb,True,False,Fixture/score/venue; events table has no incidents
atp-tour,tennis,sportscore,sportscore,NO_ACCESSIBLE_DATA_FOUND,NO_ACCESSIBLE_DATA_FOUND,NOT_APPLICABLE,PARTIAL,NOT_APPLICABLE,NO_ACCESSIBLE_DATA_FOUND,PARTIAL,NO_ACCESSIBLE_DATA_FOUND,PARTIAL,bbc.com/sport HTML,True,bbc-sport,True,False,Score/status; snooker frames when BBC publishes them
australia-a-league,football,thesportsdb,thesportsdb,NO_ACCESSIBLE_DATA_FOUND,NO_ACCESSIBLE_DATA_FOUND,NO_ACCESSIBLE_DATA_FOUND,PARTIAL,PARTIAL,NO_ACCESSIBLE_DATA_FOUND,PARTIAL,NO_ACCESSIBLE_DATA_FOUND,PARTIAL,bbc.com/sport HTML,True,bbc-sport,True,False,Score/status; snooker frames when BBC publishes them
australia-a-league-women,football,thesportsdb,thesportsdb,PARTIAL,PARTIAL,PARTIAL,PARTIAL,PARTIAL,PARTIAL,PROVEN,PARTIAL,PARTIAL,www.fotmob.com/api/data/matches + matchDetails on-demand + leagues table,True,fotmob,True,False,Player rating/goals/assists/xG when matchDetails.playerStats present; referee/stadium from infoBox; table not mapped from match payload
australia-afl,australian-rules,squiggle,squiggle,NO_ACCESSIBLE_DATA_FOUND,PARTIAL,NO_ACCESSIBLE_DATA_FOUND,PARTIAL,PARTIAL,NO_ACCESSIBLE_DATA_FOUND,PARTIAL,NO_ACCESSIBLE_DATA_FOUND,PARTIAL,www.thesportsdb.com/api/v1/json public events,True,thesportsdb,True,False,Fixture/score/venue; events table has no incidents
austria-bundesliga,football,sportscore,sportscore,NO_ACCESSIBLE_DATA_FOUND,NO_ACCESSIBLE_DATA_FOUND,NO_ACCESSIBLE_DATA_FOUND,PARTIAL,PARTIAL,NO_ACCESSIBLE_DATA_FOUND,PARTIAL,NO_ACCESSIBLE_DATA_FOUND,PARTIAL,www.thesportsdb.com/api/v1/json public events,True,thesportsdb,True,False,Fixture/score/venue; events table has no incidents
belgium-pro-league,football,thesportsdb,thesportsdb,NO_ACCESSIBLE_DATA_FOUND,NO_ACCESSIBLE_DATA_FOUND,NO_ACCESSIBLE_DATA_FOUND,PARTIAL,PARTIAL,NO_ACCESSIBLE_DATA_FOUND,PARTIAL,NO_ACCESSIBLE_DATA_FOUND,PARTIAL,bbc.com/sport HTML,True,bbc-sport,True,False,Score/status; snooker frames when BBC publishes them
bha-meetings,horse-racing,bbc-sport,bbc-sport,NOT_APPLICABLE,NOT_APPLICABLE,NOT_APPLICABLE,PARTIAL,NOT_APPLICABLE,NO_ACCESSIBLE_DATA_FOUND,PARTIAL,NO_ACCESSIBLE_DATA_FOUND,PARTIAL,bbc.com/sport HTML,True,bbc-sport,True,False,Score/status; snooker frames when BBC publishes them
biathlon,winter-sports,ibu-web,ibu-web,NO_ACCESSIBLE_DATA_FOUND,NO_ACCESSIBLE_DATA_FOUND,NO_ACCESSIBLE_DATA_FOUND,PARTIAL,NO_ACCESSIBLE_DATA_FOUND,NO_ACCESSIBLE_DATA_FOUND,PARTIAL,NO_ACCESSIBLE_DATA_FOUND,PARTIAL,bbc.com/sport HTML,True,bbc-sport,True,False,Score/status; snooker frames when BBC publishes them
bosnia-premier-liga,football,thesportsdb,thesportsdb,PARTIAL,PARTIAL,PARTIAL,PARTIAL,PARTIAL,PARTIAL,PROVEN,PARTIAL,PARTIAL,www.fotmob.com/api/data/matches + matchDetails on-demand + leagues table,True,fotmob,True,False,Player rating/goals/assists/xG when matchDetails.playerStats present; referee/stadium from infoBox; table not mapped from match payload
brazil-lnf,futsal,lnf-web,lnf-web,NO_ACCESSIBLE_DATA_FOUND,NO_ACCESSIBLE_DATA_FOUND,NO_ACCESSIBLE_DATA_FOUND,PARTIAL,NO_ACCESSIBLE_DATA_FOUND,NO_ACCESSIBLE_DATA_FOUND,PARTIAL,NO_ACCESSIBLE_DATA_FOUND,PARTIAL,futsalplanet.com competitions.aspx,True,futsalplanet,True,False,Futsal score/status from competition tables
brazil-serie-a,football,openfootball,sportscore,NO_ACCESSIBLE_DATA_FOUND,NO_ACCESSIBLE_DATA_FOUND,NO_ACCESSIBLE_DATA_FOUND,PARTIAL,PARTIAL,NO_ACCESSIBLE_DATA_FOUND,PARTIAL,NO_ACCESSIBLE_DATA_FOUND,PARTIAL,www.thesportsdb.com/api/v1/json public events,True,thesportsdb,True,False,Fixture/score/venue; events table has no incidents
bulgaria-first-league,football,thesportsdb,thesportsdb,PARTIAL,PARTIAL,PARTIAL,PARTIAL,PARTIAL,PARTIAL,PROVEN,PARTIAL,PARTIAL,www.fotmob.com/api/data/matches + matchDetails on-demand + leagues table,True,fotmob,True,False,Player rating/goals/assists/xG when matchDetails.playerStats present; referee/stadium from infoBox; table not mapped from match payload
caf-champions-league,football,sportscore,sportscore,NO_ACCESSIBLE_DATA_FOUND,NO_ACCESSIBLE_DATA_FOUND,NO_ACCESSIBLE_DATA_FOUND,PARTIAL,PARTIAL,NO_ACCESSIBLE_DATA_FOUND,PARTIAL,NO_ACCESSIBLE_DATA_FOUND,PARTIAL,www.thesportsdb.com/api/v1/json public events,True,thesportsdb,True,False,Fixture/score/venue; events table has no incidents
canada-standardbred-meetings,harness-racing,standardbred-canada-web,standardbred-canada-web,NOT_APPLICABLE,NOT_APPLICABLE,NOT_APPLICABLE,NOT_APPLICABLE,NOT_APPLICABLE,NO_ACCESSIBLE_DATA_FOUND,PARTIAL,NO_ACCESSIBLE_DATA_FOUND,PARTIAL,Woodbine Mohawk HTML,True,woodbine-mohawk-web,True,False,RAPID_RESULT; never LIVE
cdl-majors,call-of-duty,liquipedia,liquipedia,NO_ACCESSIBLE_DATA_FOUND,NO_ACCESSIBLE_DATA_FOUND,NO_ACCESSIBLE_DATA_FOUND,PARTIAL,NO_ACCESSIBLE_DATA_FOUND,NO_ACCESSIBLE_DATA_FOUND,PARTIAL,NO_ACCESSIBLE_DATA_FOUND,PARTIAL,callofdutyleague.com,True,cdl-web,True,False,CDL scores when public listing parses
cev-eurovolley-men,volleyball,thesportsdb,thesportsdb,NO_ACCESSIBLE_DATA_FOUND,NO_ACCESSIBLE_DATA_FOUND,NO_ACCESSIBLE_DATA_FOUND,NO_ACCESSIBLE_DATA_FOUND,PARTIAL,NO_ACCESSIBLE_DATA_FOUND,PARTIAL,NO_ACCESSIBLE_DATA_FOUND,NO_ACCESSIBLE_DATA_FOUND,www.thesportsdb.com/api/v1/json public events,True,thesportsdb,True,False,Fixture/score/venue; events table has no incidents
cfl,american-football,thesportsdb,thesportsdb,PARTIAL,PARTIAL,PARTIAL,PARTIAL,PARTIAL,SOURCE_AVAILABLE_NOT_IMPLEMENTED,PARTIAL,SOURCE_AVAILABLE_NOT_IMPLEMENTED,PARTIAL,www.sofascore.com/api/v1/sport/*/events + event/{id} detail,True,sofascore-web,True,False,unique-tournament routes 403 from Railway; sport boards + event detail only
champions-hockey-league,ice-hockey,openligadb,openligadb,PARTIAL,NO_ACCESSIBLE_DATA_FOUND,NO_ACCESSIBLE_DATA_FOUND,PARTIAL,PARTIAL,NO_ACCESSIBLE_DATA_FOUND,PARTIAL,NO_ACCESSIBLE_DATA_FOUND,PARTIAL,api.openligadb.de/getmatchdata,True,openligadb,True,False,Goals timeline only; no cards/lineups on OpenLigaDB
chile-primera,football,thesportsdb,thesportsdb,NO_ACCESSIBLE_DATA_FOUND,NO_ACCESSIBLE_DATA_FOUND,NO_ACCESSIBLE_DATA_FOUND,PARTIAL,PARTIAL,NO_ACCESSIBLE_DATA_FOUND,PARTIAL,NO_ACCESSIBLE_DATA_FOUND,PARTIAL,bbc.com/sport HTML,True,bbc-sport,True,False,Score/status; snooker frames when BBC publishes them
china-super-league,football,thesportsdb,thesportsdb,PARTIAL,PARTIAL,PARTIAL,PARTIAL,PARTIAL,PARTIAL,PROVEN,PARTIAL,PARTIAL,www.fotmob.com/api/data/matches + matchDetails on-demand + leagues table,True,fotmob,True,False,Player rating/goals/assists/xG when matchDetails.playerStats present; referee/stadium from infoBox; table not mapped from match payload
colombia-primera-a,football,dimayor-web,fotmob,PARTIAL,PARTIAL,PARTIAL,PARTIAL,PARTIAL,PARTIAL,PROVEN,PARTIAL,PARTIAL,www.thesportsdb.com/api/v1/json public events,True,thesportsdb,True,False,Fixture/score/venue; events table has no incidents
competitive-ea-fc,ea-sports-fc,liquipedia,liquipedia,NO_ACCESSIBLE_DATA_FOUND,NO_ACCESSIBLE_DATA_FOUND,NO_ACCESSIBLE_DATA_FOUND,PARTIAL,NO_ACCESSIBLE_DATA_FOUND,NO_ACCESSIBLE_DATA_FOUND,PARTIAL,NO_ACCESSIBLE_DATA_FOUND,PARTIAL,EA FC Pro public pages,True,fcpro-web,True,False,Bracket/series when listed
concacaf-champions-cup,football,sportscore,sportscore,NO_ACCESSIBLE_DATA_FOUND,NO_ACCESSIBLE_DATA_FOUND,NO_ACCESSIBLE_DATA_FOUND,PARTIAL,PARTIAL,NO_ACCESSIBLE_DATA_FOUND,PARTIAL,NO_ACCESSIBLE_DATA_FOUND,PARTIAL,www.thesportsdb.com/api/v1/json public events,True,thesportsdb,True,False,Fixture/score/venue; events table has no incidents
copa-libertadores,football,bbc-sport,bbc-sport,NO_ACCESSIBLE_DATA_FOUND,NO_ACCESSIBLE_DATA_FOUND,NO_ACCESSIBLE_DATA_FOUND,PARTIAL,PARTIAL,NO_ACCESSIBLE_DATA_FOUND,PARTIAL,NO_ACCESSIBLE_DATA_FOUND,PARTIAL,www.thesportsdb.com/api/v1/json public events,True,thesportsdb,True,False,Fixture/score/venue; events table has no incidents
copa-sudamericana,football,thesportsdb,thesportsdb,PARTIAL,PARTIAL,PARTIAL,PARTIAL,PARTIAL,PARTIAL,PROVEN,PARTIAL,PARTIAL,www.fotmob.com/api/data/matches + matchDetails on-demand + leagues table,True,fotmob,True,False,Player rating/goals/assists/xG when matchDetails.playerStats present; referee/stadium from infoBox; table not mapped from match payload
costa-rica-liga-fpd,football,thesportsdb,thesportsdb,PARTIAL,PARTIAL,PARTIAL,PARTIAL,PARTIAL,PARTIAL,PROVEN,PARTIAL,PARTIAL,www.fotmob.com/api/data/matches + matchDetails on-demand + leagues table,True,fotmob,True,False,Player rating/goals/assists/xG when matchDetails.playerStats present; referee/stadium from infoBox; table not mapped from match payload
cpbl,baseball,thesportsdb,thesportsdb,PARTIAL,PARTIAL,PARTIAL,PARTIAL,PARTIAL,SOURCE_AVAILABLE_NOT_IMPLEMENTED,PARTIAL,SOURCE_AVAILABLE_NOT_IMPLEMENTED,PARTIAL,www.sofascore.com/api/v1/sport/*/events + event/{id} detail,True,sofascore-web,True,False,unique-tournament routes 403 from Railway; sport boards + event detail only
croatia-hnl,football,hnl-web,fotmob,PROVEN,PROVEN,PROVEN,PARTIAL,PARTIAL,PARTIAL,PROVEN,PARTIAL,PARTIAL,www.thesportsdb.com/api/v1/json public events,True,thesportsdb,True,True,Fixture/score/venue; events table has no incidents
czech-first-league,football,thesportsdb,thesportsdb,PARTIAL,PARTIAL,PARTIAL,PARTIAL,PARTIAL,PARTIAL,PROVEN,PARTIAL,PARTIAL,www.fotmob.com/api/data/matches + matchDetails on-demand + leagues table,True,fotmob,True,False,Player rating/goals/assists/xG when matchDetails.playerStats present; referee/stadium from infoBox; table not mapped from match payload
denmark-handball-league,handball,thesportsdb,thesportsdb,PARTIAL,PARTIAL,PARTIAL,PARTIAL,PARTIAL,SOURCE_AVAILABLE_NOT_IMPLEMENTED,PARTIAL,SOURCE_AVAILABLE_NOT_IMPLEMENTED,PARTIAL,www.sofascore.com/api/v1/sport/*/events + event/{id} detail,True,sofascore-web,True,False,unique-tournament routes 403 from Railway; sport boards + event detail only
denmark-superliga,football,thesportsdb,thesportsdb,NO_ACCESSIBLE_DATA_FOUND,NO_ACCESSIBLE_DATA_FOUND,NO_ACCESSIBLE_DATA_FOUND,NO_ACCESSIBLE_DATA_FOUND,PARTIAL,NO_ACCESSIBLE_DATA_FOUND,PARTIAL,NO_ACCESSIBLE_DATA_FOUND,NO_ACCESSIBLE_DATA_FOUND,www.thesportsdb.com/api/v1/json public events,True,thesportsdb,True,False,Fixture/score/venue; events table has no incidents
ecuador-serie-a,football,thesportsdb,thesportsdb,PARTIAL,PARTIAL,PARTIAL,PARTIAL,PARTIAL,PARTIAL,PROVEN,PARTIAL,PARTIAL,www.fotmob.com/api/data/matches + matchDetails on-demand + leagues table,True,fotmob,True,False,Player rating/goals/assists/xG when matchDetails.playerStats present; referee/stadium from infoBox; table not mapped from match payload
egypt-premier-league,football,thesportsdb,thesportsdb,PARTIAL,PARTIAL,PARTIAL,PARTIAL,PARTIAL,PARTIAL,PROVEN,PARTIAL,PARTIAL,www.fotmob.com/api/data/matches + matchDetails on-demand + leagues table,True,fotmob,True,False,Player rating/goals/assists/xG when matchDetails.playerStats present; referee/stadium from infoBox; table not mapped from match payload
ehf-champions-league,handball,thesportsdb,thesportsdb,PARTIAL,PARTIAL,PARTIAL,PARTIAL,PARTIAL,SOURCE_AVAILABLE_NOT_IMPLEMENTED,PARTIAL,SOURCE_AVAILABLE_NOT_IMPLEMENTED,PARTIAL,www.sofascore.com/api/v1/sport/*/events + event/{id} detail,True,sofascore-web,True,False,unique-tournament routes 403 from Railway; sport boards + event detail only
ehf-competitions,handball,sofascore-web,sofascore-web,PARTIAL,PARTIAL,PARTIAL,PARTIAL,PARTIAL,SOURCE_AVAILABLE_NOT_IMPLEMENTED,PARTIAL,SOURCE_AVAILABLE_NOT_IMPLEMENTED,PARTIAL,www.thesportsdb.com/api/v1/json public events,True,thesportsdb,True,False,Fixture/score/venue; events table has no incidents
england-championship,football,openfootball,bbc-sport,NO_ACCESSIBLE_DATA_FOUND,NO_ACCESSIBLE_DATA_FOUND,NO_ACCESSIBLE_DATA_FOUND,PARTIAL,PARTIAL,NO_ACCESSIBLE_DATA_FOUND,PARTIAL,NO_ACCESSIBLE_DATA_FOUND,PARTIAL,www.thesportsdb.com/api/v1/json public events,True,thesportsdb,True,False,Fixture/score/venue; events table has no incidents
england-league-one,football,openfootball,bbc-sport,NO_ACCESSIBLE_DATA_FOUND,NO_ACCESSIBLE_DATA_FOUND,NO_ACCESSIBLE_DATA_FOUND,PARTIAL,PARTIAL,NO_ACCESSIBLE_DATA_FOUND,PARTIAL,NO_ACCESSIBLE_DATA_FOUND,PARTIAL,www.thesportsdb.com/api/v1/json public events,True,thesportsdb,True,False,Fixture/score/venue; events table has no incidents
england-league-two,football,openfootball,bbc-sport,NO_ACCESSIBLE_DATA_FOUND,NO_ACCESSIBLE_DATA_FOUND,NO_ACCESSIBLE_DATA_FOUND,PARTIAL,PARTIAL,NO_ACCESSIBLE_DATA_FOUND,PARTIAL,NO_ACCESSIBLE_DATA_FOUND,PARTIAL,www.thesportsdb.com/api/v1/json public events,True,thesportsdb,True,False,Fixture/score/venue; events table has no incidents
england-premier-league,football,openfootball,bbc-sport,PROVEN,PROVEN,PROVEN,PARTIAL,PROVEN,PROVEN,PROVEN,PROVEN,PROVEN,www.thesportsdb.com/api/v1/json public events,True,thesportsdb,True,True,Leeds vs Newcastle matchDetails; Table tab shows FotMob Premier League 20-team table
ettu-events,table-tennis,ettu-news-results,ettu-news-results,NO_ACCESSIBLE_DATA_FOUND,NO_ACCESSIBLE_DATA_FOUND,NO_ACCESSIBLE_DATA_FOUND,PARTIAL,NO_ACCESSIBLE_DATA_FOUND,NO_ACCESSIBLE_DATA_FOUND,PARTIAL,NO_ACCESSIBLE_DATA_FOUND,PARTIAL,ettu.org public pages,True,ettu-web,True,False,ETTU event listing
euroleague,basketball,euroleague-live,euroleague-live,NO_ACCESSIBLE_DATA_FOUND,PARTIAL,PARTIAL,PARTIAL,PARTIAL,PARTIAL,PARTIAL,NO_ACCESSIBLE_DATA_FOUND,PARTIAL,www.thesportsdb.com/api/v1/json public events,True,thesportsdb,True,False,Fixture/score/venue; events table has no incidents
european-challenge-tour,golf,thesportsdb,thesportsdb,NOT_APPLICABLE,NO_ACCESSIBLE_DATA_FOUND,NOT_APPLICABLE,NO_ACCESSIBLE_DATA_FOUND,PARTIAL,NO_ACCESSIBLE_DATA_FOUND,PARTIAL,NO_ACCESSIBLE_DATA_FOUND,NO_ACCESSIBLE_DATA_FOUND,www.thesportsdb.com/api/v1/json public events,False,thesportsdb,True,False,Fixture/score/venue; events table has no incidents
fa-cup,football,thesportsdb,thesportsdb,NO_ACCESSIBLE_DATA_FOUND,NO_ACCESSIBLE_DATA_FOUND,NO_ACCESSIBLE_DATA_FOUND,PARTIAL,PARTIAL,NO_ACCESSIBLE_DATA_FOUND,PARTIAL,NO_ACCESSIBLE_DATA_FOUND,PARTIAL,bbc.com/sport HTML,True,bbc-sport,True,False,Score/status; snooker frames when BBC publishes them
fifa-connected-competitions,football,fifa-digital,fifa-digital,NO_ACCESSIBLE_DATA_FOUND,NO_ACCESSIBLE_DATA_FOUND,NO_ACCESSIBLE_DATA_FOUND,PARTIAL,NO_ACCESSIBLE_DATA_FOUND,NO_ACCESSIBLE_DATA_FOUND,PARTIAL,NO_ACCESSIBLE_DATA_FOUND,PARTIAL,bbc.com/sport HTML,True,bbc-sport,True,False,Score/status; snooker frames when BBC publishes them
fifa-futsal-when-listed,futsal,wikipedia-fifa-futsal-web,wikipedia-fifa-futsal-web,NO_ACCESSIBLE_DATA_FOUND,NO_ACCESSIBLE_DATA_FOUND,NO_ACCESSIBLE_DATA_FOUND,PARTIAL,NO_ACCESSIBLE_DATA_FOUND,NO_ACCESSIBLE_DATA_FOUND,PARTIAL,NO_ACCESSIBLE_DATA_FOUND,PARTIAL,futsalplanet.com competitions.aspx,True,futsalplanet,True,False,Futsal score/status from competition tables
fih-eurohockey,field-hockey,altiusrt-html,altiusrt-html,NO_ACCESSIBLE_DATA_FOUND,NO_ACCESSIBLE_DATA_FOUND,NO_ACCESSIBLE_DATA_FOUND,NO_ACCESSIBLE_DATA_FOUND,NO_ACCESSIBLE_DATA_FOUND,NO_ACCESSIBLE_DATA_FOUND,NO_ACCESSIBLE_DATA_FOUND,NO_ACCESSIBLE_DATA_FOUND,PARTIAL,FIH AltiusRT public match HTML,True,altiusrt-html,True,False,Score/status from listing HTML; REST API is credentialed
finland-liiga,ice-hockey,eliteprospects,thesportsdb,NO_ACCESSIBLE_DATA_FOUND,NO_ACCESSIBLE_DATA_FOUND,NO_ACCESSIBLE_DATA_FOUND,NO_ACCESSIBLE_DATA_FOUND,PARTIAL,NO_ACCESSIBLE_DATA_FOUND,PARTIAL,NO_ACCESSIBLE_DATA_FOUND,NO_ACCESSIBLE_DATA_FOUND,www.thesportsdb.com/api/v1/json public events,True,thesportsdb,True,False,Fixture/score/venue; events table has no incidents
finland-veikkausliiga,football,thesportsdb,thesportsdb,PARTIAL,PARTIAL,PARTIAL,PARTIAL,PARTIAL,PARTIAL,PROVEN,PARTIAL,PARTIAL,www.fotmob.com/api/data/matches + matchDetails on-demand + leagues table,True,fotmob,True,False,Player rating/goals/assists/xG when matchDetails.playerStats present; referee/stadium from infoBox; table not mapped from match payload
fis-disciplines,winter-sports,fis-web,fis-web,NO_ACCESSIBLE_DATA_FOUND,NO_ACCESSIBLE_DATA_FOUND,NO_ACCESSIBLE_DATA_FOUND,PARTIAL,NO_ACCESSIBLE_DATA_FOUND,NO_ACCESSIBLE_DATA_FOUND,PARTIAL,NO_ACCESSIBLE_DATA_FOUND,PARTIAL,bbc.com/sport HTML,True,bbc-sport,True,False,Score/status; snooker frames when BBC publishes them
fivb-competitions,volleyball,fivb-web,fivb-web,NO_ACCESSIBLE_DATA_FOUND,NO_ACCESSIBLE_DATA_FOUND,NO_ACCESSIBLE_DATA_FOUND,PARTIAL,NO_ACCESSIBLE_DATA_FOUND,NO_ACCESSIBLE_DATA_FOUND,PARTIAL,NO_ACCESSIBLE_DATA_FOUND,PARTIAL,VolleyTimes/Eurosport HTML,True,eurosport-volleyball,True,False,Set scores when listing parses
formula-1,motorsport,jolpica-ergast,jolpica-ergast,NOT_APPLICABLE,PARTIAL,NOT_APPLICABLE,NOT_APPLICABLE,NOT_APPLICABLE,PARTIAL,PARTIAL,NOT_APPLICABLE,PARTIAL,api.jolpi.ca/ergast/f1 results,True,jolpica-f1,True,False,Race classification when round results exist; sampled Italian GP was scheduled with empty classification
formula-2,motorsport,fiaf2-web,fiaf2-web,NO_ACCESSIBLE_DATA_FOUND,NO_ACCESSIBLE_DATA_FOUND,NOT_APPLICABLE,PARTIAL,PARTIAL,NO_ACCESSIBLE_DATA_FOUND,PARTIAL,NO_ACCESSIBLE_DATA_FOUND,PARTIAL,bbc.com/sport HTML,True,bbc-sport,True,False,Score/status; snooker frames when BBC publishes them
formula-3,motorsport,fiaf3-web,fiaf3-web,NO_ACCESSIBLE_DATA_FOUND,NO_ACCESSIBLE_DATA_FOUND,NOT_APPLICABLE,PARTIAL,PARTIAL,NO_ACCESSIBLE_DATA_FOUND,PARTIAL,NO_ACCESSIBLE_DATA_FOUND,PARTIAL,bbc.com/sport HTML,True,bbc-sport,True,False,Score/status; snooker frames when BBC publishes them
formula-e,motorsport,thesportsdb,thesportsdb,NO_ACCESSIBLE_DATA_FOUND,NO_ACCESSIBLE_DATA_FOUND,NOT_APPLICABLE,NO_ACCESSIBLE_DATA_FOUND,PARTIAL,NO_ACCESSIBLE_DATA_FOUND,PARTIAL,NO_ACCESSIBLE_DATA_FOUND,NO_ACCESSIBLE_DATA_FOUND,www.thesportsdb.com/api/v1/json public events,True,thesportsdb,True,False,Fixture/score/venue; events table has no incidents
france-letrot-meetings,harness-racing,letrot-web,letrot-web,NOT_APPLICABLE,NOT_APPLICABLE,NOT_APPLICABLE,NOT_APPLICABLE,NOT_APPLICABLE,NO_ACCESSIBLE_DATA_FOUND,PARTIAL,NO_ACCESSIBLE_DATA_FOUND,PARTIAL,equidia.fr meetings,True,equidia-web,True,False,RAPID_RESULT; never LIVE
france-ligue-1,football,openfootball,fotmob,PROVEN,PROVEN,PROVEN,PARTIAL,PARTIAL,PARTIAL,PARTIAL,PARTIAL,PARTIAL,www.thesportsdb.com/api/v1/json public events,True,thesportsdb,True,True,FotMob matchDetails present; playerStats not on every event
france-lnh,handball,thesportsdb,thesportsdb,PARTIAL,PARTIAL,PARTIAL,PARTIAL,PARTIAL,SOURCE_AVAILABLE_NOT_IMPLEMENTED,PARTIAL,SOURCE_AVAILABLE_NOT_IMPLEMENTED,PARTIAL,www.sofascore.com/api/v1/sport/*/events + event/{id} detail,True,sofascore-web,True,False,unique-tournament routes 403 from Railway; sport boards + event detail only
france-pro-d2,rugby,thesportsdb,thesportsdb,PARTIAL,PARTIAL,PARTIAL,PARTIAL,PARTIAL,PARTIAL,PARTIAL,PARTIAL,PARTIAL,www.sofascore.com/api/v1/sport/*/events + event/{id} detail,True,sofascore-web,True,False,unique-tournament routes 403 from Railway; sport boards + event detail only
france-top-14,rugby,thesportsdb,thesportsdb,PARTIAL,PARTIAL,PARTIAL,PARTIAL,PARTIAL,PARTIAL,PARTIAL,PARTIAL,PARTIAL,www.sofascore.com/api/v1/sport/*/events + event/{id} detail,True,sofascore-web,True,False,unique-tournament routes 403 from Railway; sport boards + event detail only
gbgb-meetings,greyhound-racing,gbgb-web,gbgb-web,NOT_APPLICABLE,NOT_APPLICABLE,NOT_APPLICABLE,NOT_APPLICABLE,NOT_APPLICABLE,NOT_APPLICABLE,PROVEN,NOT_APPLICABLE,PARTIAL,api.gbgb.org.uk/api/results and /api/results/meeting/{id},True,gbgb-meeting-json,True,False,Rapid official finish; never LIVE; placing from resultPosition
germany-2-bundesliga,football,openligadb,openligadb,PARTIAL,NO_ACCESSIBLE_DATA_FOUND,NO_ACCESSIBLE_DATA_FOUND,PARTIAL,PARTIAL,NO_ACCESSIBLE_DATA_FOUND,PARTIAL,NO_ACCESSIBLE_DATA_FOUND,PARTIAL,www.thesportsdb.com/api/v1/json public events,True,thesportsdb,True,False,Fixture/score/venue; events table has no incidents
germany-3-liga,football,openligadb,openligadb,PARTIAL,NO_ACCESSIBLE_DATA_FOUND,NO_ACCESSIBLE_DATA_FOUND,PARTIAL,PARTIAL,NO_ACCESSIBLE_DATA_FOUND,PARTIAL,NO_ACCESSIBLE_DATA_FOUND,PARTIAL,api.openligadb.de/getmatchdata,True,openligadb,True,False,Goals timeline only; no cards/lineups on OpenLigaDB
germany-bundesliga,football,openligadb,openligadb,PROVEN,PROVEN,PROVEN,PROVEN,PROVEN,PROVEN,PROVEN,PROVEN,PROVEN,www.thesportsdb.com/api/v1/json public events,True,thesportsdb,True,True,FotMob matchDetails plus OpenLiga HT/FT; FotMob table 18 rows
germany-click-tt,table-tennis,ttbl-web,click-tt-remix,NO_ACCESSIBLE_DATA_FOUND,NO_ACCESSIBLE_DATA_FOUND,NO_ACCESSIBLE_DATA_FOUND,PARTIAL,NO_ACCESSIBLE_DATA_FOUND,NO_ACCESSIBLE_DATA_FOUND,NO_ACCESSIBLE_DATA_FOUND,NO_ACCESSIBLE_DATA_FOUND,PARTIAL,mytischtennis.de click-TT remix table + /api/meeting/{id}/live,True,click-tt-remix,True,False,Individual rubber set scores when live JSON returns matches
germany-del,ice-hockey,openligadb,openligadb,PARTIAL,NO_ACCESSIBLE_DATA_FOUND,NO_ACCESSIBLE_DATA_FOUND,PARTIAL,PARTIAL,NO_ACCESSIBLE_DATA_FOUND,PARTIAL,NO_ACCESSIBLE_DATA_FOUND,PARTIAL,api.openligadb.de/getmatchdata,True,openligadb,True,False,Goals timeline only; no cards/lineups on OpenLigaDB
germany-del2,ice-hockey,openligadb,openligadb,PARTIAL,NO_ACCESSIBLE_DATA_FOUND,NO_ACCESSIBLE_DATA_FOUND,PARTIAL,PARTIAL,NO_ACCESSIBLE_DATA_FOUND,PARTIAL,NO_ACCESSIBLE_DATA_FOUND,PARTIAL,api.openligadb.de/getmatchdata,True,openligadb,True,False,Goals timeline only; no cards/lineups on OpenLigaDB
germany-dfb-pokal,football,openligadb,openligadb,PARTIAL,NO_ACCESSIBLE_DATA_FOUND,NO_ACCESSIBLE_DATA_FOUND,PARTIAL,PARTIAL,NO_ACCESSIBLE_DATA_FOUND,PARTIAL,NO_ACCESSIBLE_DATA_FOUND,PARTIAL,api.openligadb.de/getmatchdata,True,openligadb,True,False,Goals timeline only; no cards/lineups on OpenLigaDB
germany-frauen-bundesliga,football,openligadb,openligadb,PARTIAL,NO_ACCESSIBLE_DATA_FOUND,NO_ACCESSIBLE_DATA_FOUND,PARTIAL,PARTIAL,NO_ACCESSIBLE_DATA_FOUND,PARTIAL,NO_ACCESSIBLE_DATA_FOUND,PARTIAL,api.openligadb.de/getmatchdata,True,openligadb,True,False,Goals timeline only; no cards/lineups on OpenLigaDB
germany-handball-bundesliga,handball,thesportsdb,thesportsdb,PARTIAL,PARTIAL,PARTIAL,PARTIAL,PARTIAL,SOURCE_AVAILABLE_NOT_IMPLEMENTED,PARTIAL,SOURCE_AVAILABLE_NOT_IMPLEMENTED,PARTIAL,www.sofascore.com/api/v1/sport/*/events + event/{id} detail,True,sofascore-web,True,False,unique-tournament routes 403 from Railway; sport boards + event detail only
greece-super-league,football,thesportsdb,thesportsdb,NO_ACCESSIBLE_DATA_FOUND,NO_ACCESSIBLE_DATA_FOUND,NO_ACCESSIBLE_DATA_FOUND,PARTIAL,PARTIAL,NO_ACCESSIBLE_DATA_FOUND,PARTIAL,NO_ACCESSIBLE_DATA_FOUND,PARTIAL,bbc.com/sport HTML,True,bbc-sport,True,False,Score/status; snooker frames when BBC publishes them
hungary-nb-i,football,thesportsdb,thesportsdb,PROVEN,PROVEN,PROVEN,PARTIAL,PARTIAL,PARTIAL,PROVEN,PARTIAL,PARTIAL,www.fotmob.com/api/data/matches + matchDetails on-demand + leagues table,True,fotmob,True,True,Puskas vs Honved production matchDetails timeline/stats/lineups
iceland-urvalsdeild,football,thesportsdb,thesportsdb,PARTIAL,PARTIAL,PARTIAL,PARTIAL,PARTIAL,PARTIAL,PROVEN,PARTIAL,PARTIAL,www.fotmob.com/api/data/matches + matchDetails on-demand + leagues table,True,fotmob,True,False,Player rating/goals/assists/xG when matchDetails.playerStats present; referee/stadium from infoBox; table not mapped from match payload
india-super-league,football,sportscore,sportscore,NO_ACCESSIBLE_DATA_FOUND,NO_ACCESSIBLE_DATA_FOUND,NO_ACCESSIBLE_DATA_FOUND,PARTIAL,PARTIAL,NO_ACCESSIBLE_DATA_FOUND,PARTIAL,NO_ACCESSIBLE_DATA_FOUND,PARTIAL,www.thesportsdb.com/api/v1/json public events,True,thesportsdb,True,False,Fixture/score/venue; events table has no incidents
indonesia-liga-1,football,thesportsdb,thesportsdb,PARTIAL,PARTIAL,PARTIAL,PARTIAL,PARTIAL,PARTIAL,PROVEN,PARTIAL,PARTIAL,www.fotmob.com/api/data/matches + matchDetails on-demand + leagues table,True,fotmob,True,False,Player rating/goals/assists/xG when matchDetails.playerStats present; referee/stadium from infoBox; table not mapped from match payload
indonesia-open,badminton,wikipedia-indonesia-open-web,wikipedia-indonesia-open-web,NO_ACCESSIBLE_DATA_FOUND,NO_ACCESSIBLE_DATA_FOUND,NO_ACCESSIBLE_DATA_FOUND,PARTIAL,NO_ACCESSIBLE_DATA_FOUND,NO_ACCESSIBLE_DATA_FOUND,PARTIAL,NO_ACCESSIBLE_DATA_FOUND,PARTIAL,Wikipedia Indonesia Open,True,wikipedia-indonesia-open-web,True,False,Round/winner historical; not live court feed
internationals-and-leagues,cricket,cricsheet,cricsheet,NO_ACCESSIBLE_DATA_FOUND,NO_ACCESSIBLE_DATA_FOUND,NO_ACCESSIBLE_DATA_FOUND,PARTIAL,NO_ACCESSIBLE_DATA_FOUND,NO_ACCESSIBLE_DATA_FOUND,PARTIAL,NO_ACCESSIBLE_DATA_FOUND,PARTIAL,bbc.com/sport HTML,True,bbc-sport,True,False,Score/status; snooker frames when BBC publishes them
internationals-rwc,rugby,pulselive,pulselive,PARTIAL,PARTIAL,PARTIAL,PARTIAL,NO_ACCESSIBLE_DATA_FOUND,PARTIAL,PARTIAL,PARTIAL,PARTIAL,bbc.com/sport HTML,True,bbc-sport,True,False,Score/status; snooker frames when BBC publishes them
iran-pro-league,football,sportscore,sportscore,NO_ACCESSIBLE_DATA_FOUND,NO_ACCESSIBLE_DATA_FOUND,NO_ACCESSIBLE_DATA_FOUND,PARTIAL,PARTIAL,NO_ACCESSIBLE_DATA_FOUND,PARTIAL,NO_ACCESSIBLE_DATA_FOUND,PARTIAL,www.thesportsdb.com/api/v1/json public events,True,thesportsdb,True,False,Fixture/score/venue; events table has no incidents
ireland-premier-division,football,sportscore,sportscore,NO_ACCESSIBLE_DATA_FOUND,NO_ACCESSIBLE_DATA_FOUND,NO_ACCESSIBLE_DATA_FOUND,PARTIAL,PARTIAL,NO_ACCESSIBLE_DATA_FOUND,PARTIAL,NO_ACCESSIBLE_DATA_FOUND,PARTIAL,www.thesportsdb.com/api/v1/json public events,True,thesportsdb,True,False,Fixture/score/venue; events table has no incidents
irish-greyhound-derby,greyhound-racing,gri-web,gri-web,NOT_APPLICABLE,NOT_APPLICABLE,NOT_APPLICABLE,NOT_APPLICABLE,NOT_APPLICABLE,NO_ACCESSIBLE_DATA_FOUND,PARTIAL,NO_ACCESSIBLE_DATA_FOUND,PARTIAL,GRI greyhound results,True,gri-web,True,False,RAPID_RESULT; never LIVE
italy-coppa-italia,football,thesportsdb,thesportsdb,NO_ACCESSIBLE_DATA_FOUND,NO_ACCESSIBLE_DATA_FOUND,NO_ACCESSIBLE_DATA_FOUND,PARTIAL,PARTIAL,NO_ACCESSIBLE_DATA_FOUND,PARTIAL,NO_ACCESSIBLE_DATA_FOUND,PARTIAL,bbc.com/sport HTML,True,bbc-sport,True,False,Score/status; snooker frames when BBC publishes them
italy-serie-a,football,openfootball,fotmob,PROVEN,PROVEN,PROVEN,PARTIAL,PROVEN,PROVEN,PROVEN,PROVEN,PROVEN,www.thesportsdb.com/api/v1/json public events,True,thesportsdb,True,True,Production matchDetails: timeline/stats/lineups/xG/player ratings/referee/stadium; FotMob table 20 rows
italy-superlega,volleyball,dataproject-wcm,dataproject-wcm,NO_ACCESSIBLE_DATA_FOUND,NO_ACCESSIBLE_DATA_FOUND,NO_ACCESSIBLE_DATA_FOUND,PARTIAL,NO_ACCESSIBLE_DATA_FOUND,NO_ACCESSIBLE_DATA_FOUND,NO_ACCESSIBLE_DATA_FOUND,NO_ACCESSIBLE_DATA_FOUND,PARTIAL,DataProject WCM HTML/JSON family,True,dataproject-web,True,False,Set score on list; match-centre stats only when source_event_id is numeric mID
japan-j1,football,jleague-web,bbc-sport,NO_ACCESSIBLE_DATA_FOUND,NO_ACCESSIBLE_DATA_FOUND,NO_ACCESSIBLE_DATA_FOUND,PARTIAL,PARTIAL,NO_ACCESSIBLE_DATA_FOUND,PARTIAL,NO_ACCESSIBLE_DATA_FOUND,PARTIAL,www.thesportsdb.com/api/v1/json public events,True,thesportsdb,True,False,Fixture/score/venue; events table has no incidents
jurisdiction-meetings,harness-racing,hrnsw-web,standardbred-canada-web,NOT_APPLICABLE,NOT_APPLICABLE,NOT_APPLICABLE,NOT_APPLICABLE,NOT_APPLICABLE,NO_ACCESSIBLE_DATA_FOUND,PARTIAL,NO_ACCESSIBLE_DATA_FOUND,PARTIAL,letrot.com meetings,True,letrot-web,True,False,RAPID_RESULT; never LIVE
kazakhstan-premier-league,football,sportscore,sportscore,NO_ACCESSIBLE_DATA_FOUND,NO_ACCESSIBLE_DATA_FOUND,NO_ACCESSIBLE_DATA_FOUND,PARTIAL,PARTIAL,NO_ACCESSIBLE_DATA_FOUND,PARTIAL,NO_ACCESSIBLE_DATA_FOUND,PARTIAL,www.thesportsdb.com/api/v1/json public events,True,thesportsdb,True,False,Fixture/score/venue; events table has no incidents
kbo,baseball,thesportsdb,thesportsdb,PARTIAL,PARTIAL,PARTIAL,PARTIAL,PARTIAL,SOURCE_AVAILABLE_NOT_IMPLEMENTED,PARTIAL,SOURCE_AVAILABLE_NOT_IMPLEMENTED,PARTIAL,www.sofascore.com/api/v1/sport/*/events + event/{id} detail,True,sofascore-web,True,False,unique-tournament routes 403 from Railway; sport boards + event detail only
khl,ice-hockey,khl-mobile,thesportsdb,NO_ACCESSIBLE_DATA_FOUND,NO_ACCESSIBLE_DATA_FOUND,NO_ACCESSIBLE_DATA_FOUND,NO_ACCESSIBLE_DATA_FOUND,PARTIAL,NO_ACCESSIBLE_DATA_FOUND,PARTIAL,NO_ACCESSIBLE_DATA_FOUND,NO_ACCESSIBLE_DATA_FOUND,www.thesportsdb.com/api/v1/json public events,True,thesportsdb,True,False,Fixture/score/venue; events table has no incidents
korea-k-league-1,football,kleague-web,fotmob,PARTIAL,PARTIAL,PARTIAL,PARTIAL,PARTIAL,PARTIAL,PROVEN,PARTIAL,PARTIAL,www.thesportsdb.com/api/v1/json public events,True,thesportsdb,True,False,Fixture/score/venue; events table has no incidents
korean-golf-tour,golf,thesportsdb,thesportsdb,NOT_APPLICABLE,NO_ACCESSIBLE_DATA_FOUND,NOT_APPLICABLE,NO_ACCESSIBLE_DATA_FOUND,PARTIAL,NO_ACCESSIBLE_DATA_FOUND,PARTIAL,NO_ACCESSIBLE_DATA_FOUND,NO_ACCESSIBLE_DATA_FOUND,www.thesportsdb.com/api/v1/json public events,True,thesportsdb,True,False,Fixture/score/venue; events table has no incidents
korn-ferry-tour,golf,thesportsdb,thesportsdb,NOT_APPLICABLE,PARTIAL,NOT_APPLICABLE,NOT_APPLICABLE,PARTIAL,PARTIAL,PARTIAL,NOT_APPLICABLE,PARTIAL,orchestrator.pgatour.com/graphql leaderboardV3,True,pga-graphql,True,False,Leaderboard position/thru/total; hole-by-hole not mapped
lol-world-championship,league-of-legends,liquipedia,liquipedia,NO_ACCESSIBLE_DATA_FOUND,NO_ACCESSIBLE_DATA_FOUND,NO_ACCESSIBLE_DATA_FOUND,PARTIAL,NO_ACCESSIBLE_DATA_FOUND,NO_ACCESSIBLE_DATA_FOUND,PARTIAL,NOT_APPLICABLE,PARTIAL,esports-api.lolesports.com getEventDetails,True,lolesports-json,True,False,Series maps/game wins when event details return games
malaysia-super-league,football,thesportsdb,thesportsdb,PARTIAL,PARTIAL,PARTIAL,PARTIAL,PARTIAL,PARTIAL,PROVEN,PARTIAL,PARTIAL,www.fotmob.com/api/data/matches + matchDetails on-demand + leagues table,True,fotmob,True,False,Player rating/goals/assists/xG when matchDetails.playerStats present; referee/stadium from infoBox; table not mapped from match payload
mexico-liga-mx,football,sportscore,sportscore,NO_ACCESSIBLE_DATA_FOUND,NO_ACCESSIBLE_DATA_FOUND,NO_ACCESSIBLE_DATA_FOUND,PARTIAL,PARTIAL,NO_ACCESSIBLE_DATA_FOUND,PARTIAL,NO_ACCESSIBLE_DATA_FOUND,PARTIAL,www.thesportsdb.com/api/v1/json public events,True,thesportsdb,True,False,Fixture/score/venue; events table has no incidents
mexico-lnbp,basketball,sportscore,sportscore,NO_ACCESSIBLE_DATA_FOUND,NO_ACCESSIBLE_DATA_FOUND,NO_ACCESSIBLE_DATA_FOUND,PARTIAL,PARTIAL,NO_ACCESSIBLE_DATA_FOUND,PARTIAL,NO_ACCESSIBLE_DATA_FOUND,PARTIAL,www.thesportsdb.com/api/v1/json public events,True,thesportsdb,True,False,Fixture/score/venue; events table has no incidents
mlb,baseball,mlb-statsapi,mlb-statsapi,PROVEN,PROVEN,PROVEN,PROVEN,PROVEN,PROVEN,PARTIAL,NO_ACCESSIBLE_DATA_FOUND,PROVEN,www.thesportsdb.com/api/v1/json public events,True,thesportsdb,True,True,Fixture/score/venue; events table has no incidents
mls,football,sportscore,sportscore,NO_ACCESSIBLE_DATA_FOUND,NO_ACCESSIBLE_DATA_FOUND,NO_ACCESSIBLE_DATA_FOUND,PARTIAL,PARTIAL,NO_ACCESSIBLE_DATA_FOUND,PARTIAL,NO_ACCESSIBLE_DATA_FOUND,PARTIAL,www.thesportsdb.com/api/v1/json public events,True,thesportsdb,True,False,Fixture/score/venue; events table has no incidents
morocco-botola,football,thesportsdb,thesportsdb,PARTIAL,PARTIAL,PARTIAL,PARTIAL,PARTIAL,PARTIAL,PROVEN,PARTIAL,PARTIAL,www.fotmob.com/api/data/matches + matchDetails on-demand + leagues table,True,fotmob,True,False,Player rating/goals/assists/xG when matchDetails.playerStats present; referee/stadium from infoBox; table not mapped from match payload
motogp,motorsport,pulselive,pulselive,PARTIAL,PARTIAL,PARTIAL,PARTIAL,PARTIAL,PARTIAL,PARTIAL,PARTIAL,PARTIAL,www.thesportsdb.com/api/v1/json public events,True,thesportsdb,True,False,Fixture/score/venue; events table has no incidents
nascar-arca,motorsport,thesportsdb,thesportsdb,NO_ACCESSIBLE_DATA_FOUND,NO_ACCESSIBLE_DATA_FOUND,NOT_APPLICABLE,NO_ACCESSIBLE_DATA_FOUND,PARTIAL,NO_ACCESSIBLE_DATA_FOUND,PARTIAL,NO_ACCESSIBLE_DATA_FOUND,NO_ACCESSIBLE_DATA_FOUND,www.thesportsdb.com/api/v1/json public events,True,thesportsdb,True,False,Fixture/score/venue; events table has no incidents
nascar-truck,motorsport,thesportsdb,thesportsdb,NO_ACCESSIBLE_DATA_FOUND,NO_ACCESSIBLE_DATA_FOUND,NOT_APPLICABLE,NO_ACCESSIBLE_DATA_FOUND,PARTIAL,NO_ACCESSIBLE_DATA_FOUND,PARTIAL,NO_ACCESSIBLE_DATA_FOUND,NO_ACCESSIBLE_DATA_FOUND,www.thesportsdb.com/api/v1/json public events,True,thesportsdb,True,False,Fixture/score/venue; events table has no incidents
nba,basketball,thesportsdb,thesportsdb,NO_ACCESSIBLE_DATA_FOUND,NO_ACCESSIBLE_DATA_FOUND,NO_ACCESSIBLE_DATA_FOUND,NO_ACCESSIBLE_DATA_FOUND,PARTIAL,NO_ACCESSIBLE_DATA_FOUND,PARTIAL,NO_ACCESSIBLE_DATA_FOUND,NO_ACCESSIBLE_DATA_FOUND,www.thesportsdb.com/api/v1/json public events,True,thesportsdb,True,False,Fixture/score/venue; events table has no incidents
ncaa-football,american-football,thesportsdb,thesportsdb,NO_ACCESSIBLE_DATA_FOUND,NO_ACCESSIBLE_DATA_FOUND,NO_ACCESSIBLE_DATA_FOUND,NO_ACCESSIBLE_DATA_FOUND,PARTIAL,NO_ACCESSIBLE_DATA_FOUND,PARTIAL,NO_ACCESSIBLE_DATA_FOUND,NO_ACCESSIBLE_DATA_FOUND,www.thesportsdb.com/api/v1/json public events,True,thesportsdb,True,False,Fixture/score/venue; events table has no incidents
netherlands-eredivisie,football,openfootball,fotmob,PARTIAL,PARTIAL,PARTIAL,PARTIAL,PROVEN,PARTIAL,PROVEN,PARTIAL,PARTIAL,www.thesportsdb.com/api/v1/json public events,True,thesportsdb,True,False,FotMob table 18 rows (AZ Alkmaar 19 pts); Ajax/Willem II date-board did not attach a FotMob match id this window
nfl,american-football,thesportsdb,thesportsdb,NO_ACCESSIBLE_DATA_FOUND,NO_ACCESSIBLE_DATA_FOUND,NO_ACCESSIBLE_DATA_FOUND,NO_ACCESSIBLE_DATA_FOUND,PARTIAL,NO_ACCESSIBLE_DATA_FOUND,PARTIAL,NO_ACCESSIBLE_DATA_FOUND,NO_ACCESSIBLE_DATA_FOUND,www.thesportsdb.com/api/v1/json public events,True,thesportsdb,True,False,Fixture/score/venue; events table has no incidents
nhl,ice-hockey,nhl-web,nhl-web,PROVEN,PROVEN,PROVEN,PARTIAL,PROVEN,PROVEN,PARTIAL,NO_ACCESSIBLE_DATA_FOUND,PROVEN,www.thesportsdb.com/api/v1/json public events,True,thesportsdb,True,True,Goals/penalties/rosters/SOG proven; NHL standings/now 32 rows with OT losses
nll,lacrosse,nll-web,nll-web,NO_ACCESSIBLE_DATA_FOUND,NO_ACCESSIBLE_DATA_FOUND,NO_ACCESSIBLE_DATA_FOUND,PARTIAL,NO_ACCESSIBLE_DATA_FOUND,NO_ACCESSIBLE_DATA_FOUND,PARTIAL,NO_ACCESSIBLE_DATA_FOUND,PARTIAL,nll.com schedule + sportspress JSON,True,nll-web,True,False,Score/status; quarters when present on recap JSON
nordic-water-polo-league,water-polo,nordic-waterpolo-native,sofascore-web,PARTIAL,PARTIAL,PARTIAL,PARTIAL,ACCESS_BLOCKED,SOURCE_AVAILABLE_NOT_IMPLEMENTED,PARTIAL,SOURCE_AVAILABLE_NOT_IMPLEMENTED,PARTIAL,www.sofascore.com/api/v1/sport/*/events + event/{id} detail,True,sofascore-web,True,False,unique-tournament routes 403 from Railway; sport boards + event detail only
norway-eliteserien,football,thesportsdb,thesportsdb,PROVEN,PROVEN,PROVEN,PARTIAL,PARTIAL,PARTIAL,PROVEN,PARTIAL,PARTIAL,www.fotmob.com/api/data/matches + matchDetails on-demand + leagues table,True,fotmob,True,True,Player rating/goals/assists/xG when matchDetails.playerStats present; referee/stadium from infoBox; table not mapped from match payload
npb,baseball,thesportsdb,thesportsdb,PARTIAL,PARTIAL,PARTIAL,PARTIAL,PARTIAL,SOURCE_AVAILABLE_NOT_IMPLEMENTED,PARTIAL,SOURCE_AVAILABLE_NOT_IMPLEMENTED,PARTIAL,www.sofascore.com/api/v1/sport/*/events + event/{id} detail,True,sofascore-web,True,False,unique-tournament routes 403 from Railway; sport boards + event detail only
nrl,rugby-league,nrl-draw-web,sofascore-web,PARTIAL,PARTIAL,PARTIAL,PARTIAL,PARTIAL,SOURCE_AVAILABLE_NOT_IMPLEMENTED,PARTIAL,SOURCE_AVAILABLE_NOT_IMPLEMENTED,PARTIAL,bbc.com/sport HTML,True,bbc-sport,True,False,Score/status; snooker frames when BBC publishes them
nsw-hrnsw-meetings,harness-racing,hrnsw-web,hrnsw-web,NOT_APPLICABLE,NOT_APPLICABLE,NOT_APPLICABLE,NOT_APPLICABLE,NOT_APPLICABLE,NO_ACCESSIBLE_DATA_FOUND,NO_ACCESSIBLE_DATA_FOUND,NO_ACCESSIBLE_DATA_FOUND,NO_ACCESSIBLE_DATA_FOUND,https://hrnsw.com.au,True,hrnsw-web,False,False,Scoreboard path only; no rich match-centre source mapped
nz-national-league,football,thesportsdb,thesportsdb,PARTIAL,PARTIAL,PARTIAL,PARTIAL,PARTIAL,SOURCE_AVAILABLE_NOT_IMPLEMENTED,PARTIAL,SOURCE_AVAILABLE_NOT_IMPLEMENTED,PARTIAL,www.sofascore.com/api/v1/sport/*/events + event/{id} detail,True,sofascore-web,True,False,unique-tournament routes 403 from Railway; sport boards + event detail only
nz-npc,rugby,thesportsdb,thesportsdb,PARTIAL,PARTIAL,PARTIAL,PARTIAL,PARTIAL,PARTIAL,PARTIAL,PARTIAL,PARTIAL,www.sofascore.com/api/v1/sport/*/events + event/{id} detail,True,sofascore-web,True,False,unique-tournament routes 403 from Railway; sport boards + event detail only
owcs-world-finals,overwatch,liquipedia,liquipedia,NO_ACCESSIBLE_DATA_FOUND,NO_ACCESSIBLE_DATA_FOUND,NO_ACCESSIBLE_DATA_FOUND,PARTIAL,NO_ACCESSIBLE_DATA_FOUND,NO_ACCESSIBLE_DATA_FOUND,PARTIAL,NO_ACCESSIBLE_DATA_FOUND,PARTIAL,Wikipedia OWCS finals,True,wikipedia-owcs-world-finals-web,True,False,Series results historical
paraguay-primera,football,thesportsdb,thesportsdb,PARTIAL,PARTIAL,PARTIAL,PARTIAL,PARTIAL,PARTIAL,PROVEN,PARTIAL,PARTIAL,www.fotmob.com/api/data/matches + matchDetails on-demand + leagues table,True,fotmob,True,False,Player rating/goals/assists/xG when matchDetails.playerStats present; referee/stadium from infoBox; table not mapped from match payload
pdc-darts,darts,openligadb,openligadb,PARTIAL,NO_ACCESSIBLE_DATA_FOUND,NO_ACCESSIBLE_DATA_FOUND,PARTIAL,PARTIAL,NO_ACCESSIBLE_DATA_FOUND,PARTIAL,NO_ACCESSIBLE_DATA_FOUND,PARTIAL,www.thesportsdb.com/api/v1/json public events,True,thesportsdb,True,False,Fixture/score/venue; events table has no incidents
pga-tour,golf,pga-tour-web,pga-graphql,NOT_APPLICABLE,PARTIAL,NOT_APPLICABLE,NOT_APPLICABLE,PARTIAL,PARTIAL,PARTIAL,NOT_APPLICABLE,PROVEN,www.thesportsdb.com/api/v1/json public events,True,thesportsdb,True,True,Fixture/score/venue; events table has no incidents
pll,lacrosse,pll-web,pll-web,NO_ACCESSIBLE_DATA_FOUND,NO_ACCESSIBLE_DATA_FOUND,NO_ACCESSIBLE_DATA_FOUND,PARTIAL,NO_ACCESSIBLE_DATA_FOUND,NO_ACCESSIBLE_DATA_FOUND,PARTIAL,NO_ACCESSIBLE_DATA_FOUND,PARTIAL,premierlacrosseleague.com public pages,True,pll-web,True,False,Score/status when listing HTML exposes them
plusliga,volleyball,eurosport-volleyball,thesportsdb,NO_ACCESSIBLE_DATA_FOUND,NO_ACCESSIBLE_DATA_FOUND,NO_ACCESSIBLE_DATA_FOUND,NO_ACCESSIBLE_DATA_FOUND,PARTIAL,NO_ACCESSIBLE_DATA_FOUND,PARTIAL,NO_ACCESSIBLE_DATA_FOUND,NO_ACCESSIBLE_DATA_FOUND,www.thesportsdb.com/api/v1/json public events,True,thesportsdb,True,False,Fixture/score/venue; events table has no incidents
poland-ekstraklasa,football,thesportsdb,thesportsdb,PARTIAL,PARTIAL,PARTIAL,PARTIAL,PARTIAL,PARTIAL,PROVEN,PARTIAL,PARTIAL,www.fotmob.com/api/data/matches + matchDetails on-demand + leagues table,True,fotmob,True,False,Player rating/goals/assists/xG when matchDetails.playerStats present; referee/stadium from infoBox; table not mapped from match payload
portugal-primeira-liga,football,openfootball,fotmob,PROVEN,PROVEN,PROVEN,PARTIAL,PARTIAL,PROVEN,PROVEN,PROVEN,PROVEN,www.thesportsdb.com/api/v1/json public events,True,thesportsdb,True,True,Rio Ave vs Estrela production matchDetails includes player ratings
premiership-rugby,rugby,thesportsdb,thesportsdb,PARTIAL,PARTIAL,PARTIAL,PARTIAL,PARTIAL,PARTIAL,PARTIAL,PARTIAL,PARTIAL,www.sofascore.com/api/v1/sport/*/events + event/{id} detail,True,sofascore-web,True,False,unique-tournament routes 403 from Railway; sport boards + event detail only
professional,dota-2,opendota,opendota,NO_ACCESSIBLE_DATA_FOUND,PARTIAL,PARTIAL,PARTIAL,NO_ACCESSIBLE_DATA_FOUND,PARTIAL,PARTIAL,NOT_APPLICABLE,PARTIAL,liquipedia.net api.php parse,True,liquipedia,True,False,Series score from match-info HTML; maps when listed
rlcs,rocket-league,liquipedia,liquipedia,NO_ACCESSIBLE_DATA_FOUND,NO_ACCESSIBLE_DATA_FOUND,NO_ACCESSIBLE_DATA_FOUND,PARTIAL,NO_ACCESSIBLE_DATA_FOUND,NO_ACCESSIBLE_DATA_FOUND,PARTIAL,NO_ACCESSIBLE_DATA_FOUND,PARTIAL,Wikipedia RLCS,True,wikipedia-rlcs-web,True,False,Series results historical
romania-superliga,football,romania-superliga-web,fotmob,PARTIAL,PARTIAL,PARTIAL,PARTIAL,PARTIAL,PARTIAL,PROVEN,PARTIAL,PARTIAL,www.thesportsdb.com/api/v1/json public events,True,thesportsdb,True,False,Fixture/score/venue; events table has no incidents
saudi-pro-league,football,thesportsdb,thesportsdb,PARTIAL,PARTIAL,PARTIAL,PARTIAL,PARTIAL,PARTIAL,PROVEN,PARTIAL,PARTIAL,www.fotmob.com/api/data/matches + matchDetails on-demand + leagues table,True,fotmob,True,False,Player rating/goals/assists/xG when matchDetails.playerStats present; referee/stadium from infoBox; table not mapped from match payload
scotland-premiership,football,spfl-web,sportscore,NO_ACCESSIBLE_DATA_FOUND,NO_ACCESSIBLE_DATA_FOUND,NO_ACCESSIBLE_DATA_FOUND,PARTIAL,PARTIAL,NO_ACCESSIBLE_DATA_FOUND,PARTIAL,NO_ACCESSIBLE_DATA_FOUND,PARTIAL,www.thesportsdb.com/api/v1/json public events,True,thesportsdb,True,False,Fixture/score/venue; events table has no incidents
serbia-superliga,football,superliga-web,fotmob,PROVEN,PROVEN,PROVEN,PARTIAL,PARTIAL,PROVEN,PROVEN,PROVEN,PROVEN,www.thesportsdb.com/api/v1/json public events,True,thesportsdb,True,True,Zemun vs Radnik production matchDetails timeline/stats/lineups/player ratings
slovakia-super-liga,football,thesportsdb,thesportsdb,PARTIAL,PARTIAL,PARTIAL,PARTIAL,PARTIAL,PARTIAL,PROVEN,PARTIAL,PARTIAL,www.fotmob.com/api/data/matches + matchDetails on-demand + leagues table,True,fotmob,True,False,Player rating/goals/assists/xG when matchDetails.playerStats present; referee/stadium from infoBox; table not mapped from match payload
slovenia-1-snl,football,thesportsdb,thesportsdb,PARTIAL,PARTIAL,PARTIAL,PARTIAL,PARTIAL,PARTIAL,PROVEN,PARTIAL,PARTIAL,www.fotmob.com/api/data/matches + matchDetails on-demand + leagues table,True,fotmob,True,False,Player rating/goals/assists/xG when matchDetails.playerStats present; referee/stadium from infoBox; table not mapped from match payload
south-africa-psl,football,psl-web,bbc-sport,NO_ACCESSIBLE_DATA_FOUND,NO_ACCESSIBLE_DATA_FOUND,NO_ACCESSIBLE_DATA_FOUND,PARTIAL,PARTIAL,NO_ACCESSIBLE_DATA_FOUND,PARTIAL,NO_ACCESSIBLE_DATA_FOUND,PARTIAL,www.thesportsdb.com/api/v1/json public events,True,thesportsdb,True,False,Fixture/score/venue; events table has no incidents
spain-acb,basketball,thesportsdb,thesportsdb,NO_ACCESSIBLE_DATA_FOUND,NO_ACCESSIBLE_DATA_FOUND,NO_ACCESSIBLE_DATA_FOUND,NO_ACCESSIBLE_DATA_FOUND,PARTIAL,NO_ACCESSIBLE_DATA_FOUND,PARTIAL,NO_ACCESSIBLE_DATA_FOUND,NO_ACCESSIBLE_DATA_FOUND,www.thesportsdb.com/api/v1/json public events,True,thesportsdb,True,False,Fixture/score/venue; events table has no incidents
spain-asobal,handball,thesportsdb,thesportsdb,PARTIAL,PARTIAL,PARTIAL,PARTIAL,PARTIAL,SOURCE_AVAILABLE_NOT_IMPLEMENTED,PARTIAL,SOURCE_AVAILABLE_NOT_IMPLEMENTED,PARTIAL,www.sofascore.com/api/v1/sport/*/events + event/{id} detail,True,sofascore-web,True,False,unique-tournament routes 403 from Railway; sport boards + event detail only
spain-copa-del-rey,football,thesportsdb,thesportsdb,NO_ACCESSIBLE_DATA_FOUND,NO_ACCESSIBLE_DATA_FOUND,NO_ACCESSIBLE_DATA_FOUND,PARTIAL,PARTIAL,NO_ACCESSIBLE_DATA_FOUND,PARTIAL,NO_ACCESSIBLE_DATA_FOUND,PARTIAL,bbc.com/sport HTML,True,bbc-sport,True,False,Score/status; snooker frames when BBC publishes them
spain-la-liga,football,openfootball,sportscore,PROVEN,PROVEN,PROVEN,PARTIAL,PARTIAL,PROVEN,PROVEN,PROVEN,PROVEN,www.thesportsdb.com/api/v1/json public events,True,thesportsdb,True,True,Villarreal vs Betis production matchDetails
ssn-australia,netball,championdata-netball,championdata-netball,NO_ACCESSIBLE_DATA_FOUND,PARTIAL,NO_ACCESSIBLE_DATA_FOUND,PARTIAL,PARTIAL,PARTIAL,PARTIAL,NO_ACCESSIBLE_DATA_FOUND,PARTIAL,www.thesportsdb.com/api/v1/json public events,True,thesportsdb,True,False,Fixture/score/venue; events table has no incidents
super-league,rugby-league,bbc-sport,bbc-sport,NO_ACCESSIBLE_DATA_FOUND,NO_ACCESSIBLE_DATA_FOUND,NO_ACCESSIBLE_DATA_FOUND,PARTIAL,PARTIAL,NO_ACCESSIBLE_DATA_FOUND,PARTIAL,NO_ACCESSIBLE_DATA_FOUND,PARTIAL,www.thesportsdb.com/api/v1/json public events,True,thesportsdb,True,False,Fixture/score/venue; events table has no incidents
super-rugby,rugby,thesportsdb,thesportsdb,PARTIAL,PARTIAL,PARTIAL,PARTIAL,PARTIAL,PARTIAL,PARTIAL,PARTIAL,PARTIAL,api.wr-rims-prod.pulselive.com/rugby/v3/match/{id}/stats,True,world-rugby-rims,True,False,Tries/conversions/rosters when teamStats present; scoring timeline when summary.teams.scoring present
sweden-allsvenskan,football,thesportsdb,thesportsdb,NO_ACCESSIBLE_DATA_FOUND,NO_ACCESSIBLE_DATA_FOUND,NO_ACCESSIBLE_DATA_FOUND,NO_ACCESSIBLE_DATA_FOUND,PARTIAL,NO_ACCESSIBLE_DATA_FOUND,PARTIAL,NO_ACCESSIBLE_DATA_FOUND,NO_ACCESSIBLE_DATA_FOUND,www.thesportsdb.com/api/v1/json public events,True,thesportsdb,True,False,Fixture/score/venue; events table has no incidents
sweden-shl,ice-hockey,thesportsdb,thesportsdb,PARTIAL,PARTIAL,PARTIAL,PARTIAL,PARTIAL,SOURCE_AVAILABLE_NOT_IMPLEMENTED,PARTIAL,SOURCE_AVAILABLE_NOT_IMPLEMENTED,PARTIAL,www.sofascore.com/api/v1/sport/*/events + event/{id} detail,True,sofascore-web,True,False,unique-tournament routes 403 from Railway; sport boards + event detail only
switzerland-super-league,football,sportscore,sportscore,NO_ACCESSIBLE_DATA_FOUND,NO_ACCESSIBLE_DATA_FOUND,NO_ACCESSIBLE_DATA_FOUND,PARTIAL,PARTIAL,NO_ACCESSIBLE_DATA_FOUND,PARTIAL,NO_ACCESSIBLE_DATA_FOUND,PARTIAL,www.thesportsdb.com/api/v1/json public events,True,thesportsdb,True,False,Fixture/score/venue; events table has no incidents
t20-internationals,cricket,cricsheet,cricsheet,NO_ACCESSIBLE_DATA_FOUND,NO_ACCESSIBLE_DATA_FOUND,NO_ACCESSIBLE_DATA_FOUND,PARTIAL,PARTIAL,NO_ACCESSIBLE_DATA_FOUND,PARTIAL,NO_ACCESSIBLE_DATA_FOUND,PARTIAL,www.thesportsdb.com/api/v1/json public events,True,thesportsdb,True,False,Fixture/score/venue; events table has no incidents
thai-league-1,football,sportscore,sportscore,NO_ACCESSIBLE_DATA_FOUND,NO_ACCESSIBLE_DATA_FOUND,NO_ACCESSIBLE_DATA_FOUND,PARTIAL,PARTIAL,NO_ACCESSIBLE_DATA_FOUND,PARTIAL,NO_ACCESSIBLE_DATA_FOUND,PARTIAL,www.thesportsdb.com/api/v1/json public events,True,thesportsdb,True,False,Fixture/score/venue; events table has no incidents
tier1,counter-strike,liquipedia,liquipedia,NO_ACCESSIBLE_DATA_FOUND,NO_ACCESSIBLE_DATA_FOUND,NO_ACCESSIBLE_DATA_FOUND,PARTIAL,NO_ACCESSIBLE_DATA_FOUND,NO_ACCESSIBLE_DATA_FOUND,PARTIAL,NO_ACCESSIBLE_DATA_FOUND,PARTIAL,liquipedia.net api.php parse,True,liquipedia,True,False,Series score from match-info HTML; maps when listed
title-fights,boxing,bbc-sport,bbc-sport,NO_ACCESSIBLE_DATA_FOUND,NO_ACCESSIBLE_DATA_FOUND,NO_ACCESSIBLE_DATA_FOUND,PARTIAL,PARTIAL,NO_ACCESSIBLE_DATA_FOUND,PARTIAL,NO_ACCESSIBLE_DATA_FOUND,PARTIAL,www.thesportsdb.com/api/v1/json public events,True,thesportsdb,True,False,Fixture/score/venue; events table has no incidents
tour-de-france,cycling,aso-letour,aso-letour,NO_ACCESSIBLE_DATA_FOUND,NO_ACCESSIBLE_DATA_FOUND,NO_ACCESSIBLE_DATA_FOUND,PARTIAL,NO_ACCESSIBLE_DATA_FOUND,NO_ACCESSIBLE_DATA_FOUND,PARTIAL,NO_ACCESSIBLE_DATA_FOUND,PARTIAL,uci.org calendar,True,uci-web,True,False,Calendar listing; gap/GC only when published
tunisia-ligue-1,football,thesportsdb,thesportsdb,PARTIAL,PARTIAL,PARTIAL,PARTIAL,PARTIAL,PARTIAL,PROVEN,PARTIAL,PARTIAL,www.fotmob.com/api/data/matches + matchDetails on-demand + leagues table,True,fotmob,True,False,Player rating/goals/assists/xG when matchDetails.playerStats present; referee/stadium from infoBox; table not mapped from match payload
turkey-super-lig,football,thesportsdb,thesportsdb,NO_ACCESSIBLE_DATA_FOUND,NO_ACCESSIBLE_DATA_FOUND,NO_ACCESSIBLE_DATA_FOUND,PARTIAL,PARTIAL,NO_ACCESSIBLE_DATA_FOUND,PARTIAL,NO_ACCESSIBLE_DATA_FOUND,PARTIAL,bbc.com/sport HTML,True,bbc-sport,True,False,Score/status; snooker frames when BBC publishes them
uci-calendar,cycling,gpcqm-web,gpcqm-web,NO_ACCESSIBLE_DATA_FOUND,NO_ACCESSIBLE_DATA_FOUND,NO_ACCESSIBLE_DATA_FOUND,PARTIAL,NO_ACCESSIBLE_DATA_FOUND,NO_ACCESSIBLE_DATA_FOUND,PARTIAL,NO_ACCESSIBLE_DATA_FOUND,PARTIAL,procyclingstats public HTML,True,pcs-web,True,False,UCI calendar/results when reachable
uefa-champions-league,football,openligadb,openligadb,PARTIAL,NO_ACCESSIBLE_DATA_FOUND,NO_ACCESSIBLE_DATA_FOUND,PARTIAL,PARTIAL,NO_ACCESSIBLE_DATA_FOUND,PARTIAL,NO_ACCESSIBLE_DATA_FOUND,PARTIAL,FIFA digital public JSON where reachable,True,fifa-json,True,False,Connected FIFA competitions when endpoint returns events
uefa-conference-league,football,thesportsdb,thesportsdb,NO_ACCESSIBLE_DATA_FOUND,NO_ACCESSIBLE_DATA_FOUND,NO_ACCESSIBLE_DATA_FOUND,PARTIAL,PARTIAL,NO_ACCESSIBLE_DATA_FOUND,PARTIAL,NO_ACCESSIBLE_DATA_FOUND,PARTIAL,bbc.com/sport HTML,True,bbc-sport,True,False,Score/status; snooker frames when BBC publishes them
uefa-europa-league,football,thesportsdb,thesportsdb,NO_ACCESSIBLE_DATA_FOUND,NO_ACCESSIBLE_DATA_FOUND,NO_ACCESSIBLE_DATA_FOUND,PARTIAL,PARTIAL,NO_ACCESSIBLE_DATA_FOUND,PARTIAL,NO_ACCESSIBLE_DATA_FOUND,PARTIAL,bbc.com/sport HTML,True,bbc-sport,True,False,Score/status; snooker frames when BBC publishes them
uefa-futsal-champions-league,futsal,uefa-futsal-web,uefa-futsal-web,NO_ACCESSIBLE_DATA_FOUND,NO_ACCESSIBLE_DATA_FOUND,NO_ACCESSIBLE_DATA_FOUND,PARTIAL,NO_ACCESSIBLE_DATA_FOUND,NO_ACCESSIBLE_DATA_FOUND,PARTIAL,NO_ACCESSIBLE_DATA_FOUND,PARTIAL,uefa.com futsal HTML,True,uefa-futsal-web,True,False,UEFA futsal listing scores
uefa-nations-league,football,thesportsdb,thesportsdb,NO_ACCESSIBLE_DATA_FOUND,NO_ACCESSIBLE_DATA_FOUND,NO_ACCESSIBLE_DATA_FOUND,PARTIAL,PARTIAL,NO_ACCESSIBLE_DATA_FOUND,PARTIAL,NO_ACCESSIBLE_DATA_FOUND,PARTIAL,bbc.com/sport HTML,True,bbc-sport,True,False,Score/status; snooker frames when BBC publishes them
ufc,mma,ufc-web,thesportsdb,NO_ACCESSIBLE_DATA_FOUND,NO_ACCESSIBLE_DATA_FOUND,NO_ACCESSIBLE_DATA_FOUND,NO_ACCESSIBLE_DATA_FOUND,PARTIAL,NO_ACCESSIBLE_DATA_FOUND,PARTIAL,NO_ACCESSIBLE_DATA_FOUND,NO_ACCESSIBLE_DATA_FOUND,www.thesportsdb.com/api/v1/json public events,True,thesportsdb,True,False,Fixture/score/venue; events table has no incidents
uk-netball-superleague,netball,thesportsdb,thesportsdb,NO_ACCESSIBLE_DATA_FOUND,NO_ACCESSIBLE_DATA_FOUND,NO_ACCESSIBLE_DATA_FOUND,PARTIAL,PARTIAL,NO_ACCESSIBLE_DATA_FOUND,PARTIAL,NO_ACCESSIBLE_DATA_FOUND,PARTIAL,bbc.com/sport HTML,True,bbc-sport,True,False,Score/status; snooker frames when BBC publishes them
ukraine-premier-league,football,thesportsdb,thesportsdb,NO_ACCESSIBLE_DATA_FOUND,NO_ACCESSIBLE_DATA_FOUND,NO_ACCESSIBLE_DATA_FOUND,PARTIAL,PARTIAL,NO_ACCESSIBLE_DATA_FOUND,PARTIAL,NO_ACCESSIBLE_DATA_FOUND,PARTIAL,bbc.com/sport HTML,True,bbc-sport,True,False,Score/status; snooker frames when BBC publishes them
uruguay-primera,football,thesportsdb,thesportsdb,PARTIAL,PARTIAL,PARTIAL,PARTIAL,PARTIAL,PARTIAL,PROVEN,PARTIAL,PARTIAL,www.fotmob.com/api/data/matches + matchDetails on-demand + leagues table,True,fotmob,True,False,Player rating/goals/assists/xG when matchDetails.playerStats present; referee/stadium from infoBox; table not mapped from match payload
usa-nwsl,football,sportscore,sportscore,NO_ACCESSIBLE_DATA_FOUND,NO_ACCESSIBLE_DATA_FOUND,NO_ACCESSIBLE_DATA_FOUND,PARTIAL,PARTIAL,NO_ACCESSIBLE_DATA_FOUND,PARTIAL,NO_ACCESSIBLE_DATA_FOUND,PARTIAL,www.thesportsdb.com/api/v1/json public events,True,thesportsdb,True,False,Fixture/score/venue; events table has no incidents
usa-usl-championship,football,thesportsdb,thesportsdb,NO_ACCESSIBLE_DATA_FOUND,NO_ACCESSIBLE_DATA_FOUND,NO_ACCESSIBLE_DATA_FOUND,PARTIAL,PARTIAL,NO_ACCESSIBLE_DATA_FOUND,PARTIAL,NO_ACCESSIBLE_DATA_FOUND,PARTIAL,sportscore.com widget JSON,True,sportscore,True,False,Score/status/periods when present; no match-centre stats in widget
usa-usta-meetings,harness-racing,meadowlands-web,meadowlands-web,NOT_APPLICABLE,NOT_APPLICABLE,NOT_APPLICABLE,NOT_APPLICABLE,NOT_APPLICABLE,NO_ACCESSIBLE_DATA_FOUND,NO_ACCESSIBLE_DATA_FOUND,NO_ACCESSIBLE_DATA_FOUND,NO_ACCESSIBLE_DATA_FOUND,https://playmeadowlands.com,True,meadowlands-web,False,False,Scoreboard path only; no rich match-centre source mapped
uzbekistan-super-league,football,sportscore,sportscore,NO_ACCESSIBLE_DATA_FOUND,NO_ACCESSIBLE_DATA_FOUND,NO_ACCESSIBLE_DATA_FOUND,PARTIAL,PARTIAL,NO_ACCESSIBLE_DATA_FOUND,PARTIAL,NO_ACCESSIBLE_DATA_FOUND,PARTIAL,www.thesportsdb.com/api/v1/json public events,True,thesportsdb,True,False,Fixture/score/venue; events table has no incidents
vct,valorant,liquipedia,liquipedia,NO_ACCESSIBLE_DATA_FOUND,NO_ACCESSIBLE_DATA_FOUND,NO_ACCESSIBLE_DATA_FOUND,PARTIAL,NO_ACCESSIBLE_DATA_FOUND,NO_ACCESSIBLE_DATA_FOUND,PARTIAL,NO_ACCESSIBLE_DATA_FOUND,PARTIAL,Wikipedia VCT,True,wikipedia-vct-web,True,False,Series results historical
vietnam-v-league-1,football,thesportsdb,thesportsdb,PARTIAL,PARTIAL,PARTIAL,PARTIAL,PARTIAL,PARTIAL,PROVEN,PARTIAL,PARTIAL,www.fotmob.com/api/data/matches + matchDetails on-demand + leagues table,True,fotmob,True,False,Player rating/goals/assists/xG when matchDetails.playerStats present; referee/stadium from infoBox; table not mapped from match payload
wa-calendar,athletics,world-athletics-web,world-athletics-web,NO_ACCESSIBLE_DATA_FOUND,NO_ACCESSIBLE_DATA_FOUND,NO_ACCESSIBLE_DATA_FOUND,PARTIAL,NO_ACCESSIBLE_DATA_FOUND,NO_ACCESSIBLE_DATA_FOUND,PARTIAL,NO_ACCESSIBLE_DATA_FOUND,PARTIAL,bbc.com/sport HTML,True,bbc-sport,True,False,Score/status; snooker frames when BBC publishes them
wec,motorsport,thesportsdb,thesportsdb,NO_ACCESSIBLE_DATA_FOUND,NO_ACCESSIBLE_DATA_FOUND,NOT_APPLICABLE,NO_ACCESSIBLE_DATA_FOUND,PARTIAL,NO_ACCESSIBLE_DATA_FOUND,PARTIAL,NO_ACCESSIBLE_DATA_FOUND,NO_ACCESSIBLE_DATA_FOUND,www.thesportsdb.com/api/v1/json public events,True,thesportsdb,True,False,Fixture/score/venue; events table has no incidents
wnba,basketball,sportscore,sportscore,NO_ACCESSIBLE_DATA_FOUND,NO_ACCESSIBLE_DATA_FOUND,NO_ACCESSIBLE_DATA_FOUND,PARTIAL,PARTIAL,NO_ACCESSIBLE_DATA_FOUND,PARTIAL,NO_ACCESSIBLE_DATA_FOUND,PARTIAL,www.thesportsdb.com/api/v1/json public events,True,thesportsdb,True,False,Fixture/score/venue; events table has no incidents
womens-super-league,football,bbc-sport,bbc-sport,NO_ACCESSIBLE_DATA_FOUND,NO_ACCESSIBLE_DATA_FOUND,NO_ACCESSIBLE_DATA_FOUND,PARTIAL,PARTIAL,NO_ACCESSIBLE_DATA_FOUND,PARTIAL,NO_ACCESSIBLE_DATA_FOUND,PARTIAL,www.thesportsdb.com/api/v1/json public events,True,thesportsdb,True,False,Fixture/score/venue; events table has no incidents
world-aquatics-events,water-polo,world-aquatics-api,world-aquatics-api,NOT_APPLICABLE,NO_ACCESSIBLE_DATA_FOUND,NOT_APPLICABLE,PARTIAL,NOT_APPLICABLE,NO_ACCESSIBLE_DATA_FOUND,PARTIAL,NOT_APPLICABLE,PARTIAL,worldaquatics.com results HTML,True,world-aquatics-web,True,False,Meet program; heat/final times when listed
world-aquatics-meets,swimming,omega-timing,bbc-sport,NO_ACCESSIBLE_DATA_FOUND,NO_ACCESSIBLE_DATA_FOUND,NO_ACCESSIBLE_DATA_FOUND,PARTIAL,NO_ACCESSIBLE_DATA_FOUND,NO_ACCESSIBLE_DATA_FOUND,PARTIAL,NO_ACCESSIBLE_DATA_FOUND,PARTIAL,bbc.com/sport HTML,True,bbc-sport,True,False,Score/status; snooker frames when BBC publishes them
world-lacrosse,lacrosse,world-lacrosse-web,world-lacrosse-web,NO_ACCESSIBLE_DATA_FOUND,NO_ACCESSIBLE_DATA_FOUND,NO_ACCESSIBLE_DATA_FOUND,PARTIAL,NO_ACCESSIBLE_DATA_FOUND,NO_ACCESSIBLE_DATA_FOUND,PARTIAL,NO_ACCESSIBLE_DATA_FOUND,PARTIAL,worldlacrosse.sport results HTML,True,world-lacrosse-web,True,False,International results pages
world-netball,netball,world-netball-web,world-netball-web,NO_ACCESSIBLE_DATA_FOUND,NO_ACCESSIBLE_DATA_FOUND,NO_ACCESSIBLE_DATA_FOUND,PARTIAL,NO_ACCESSIBLE_DATA_FOUND,NO_ACCESSIBLE_DATA_FOUND,PARTIAL,NO_ACCESSIBLE_DATA_FOUND,PARTIAL,bbc.com/sport HTML,True,bbc-sport,True,False,Score/status; snooker frames when BBC publishes them
wst-events,snooker,bbc-sport,bbc-sport,NO_ACCESSIBLE_DATA_FOUND,NO_ACCESSIBLE_DATA_FOUND,NO_ACCESSIBLE_DATA_FOUND,PARTIAL,NO_ACCESSIBLE_DATA_FOUND,NO_ACCESSIBLE_DATA_FOUND,PARTIAL,NO_ACCESSIBLE_DATA_FOUND,PARTIAL,wst.tv public pages,True,wst-web,True,False,Snooker draw/results when HTML parses
wta-tour,tennis,sportscore,sportscore,NOT_APPLICABLE,SOURCE_AVAILABLE_NOT_IMPLEMENTED,NOT_APPLICABLE,PROVEN,NOT_APPLICABLE,SOURCE_AVAILABLE_NOT_IMPLEMENTED,PARTIAL,NO_ACCESSIBLE_DATA_FOUND,PROVEN,api.wtatennis.com/tennis/tournaments/{id}/{year}/matches,True,wta-json,True,True,Match score from completed sets; official W/O has no sets so score stays blank with walkover; serve stats only when present on the match JSON
